Title,Price,Rating,Link
"Sage Controllers PRO+ Controller compatible with PS5 Console & PC | Custommade Wireless PS5 Gaming Controller with 4 Back Paddles, Clicky Triggers & Bumpers | Monkey d Luffy | Professional gaming controller","11,700",5.0 out of 5 stars,https://www.amazon.in/sspa/click?ie=UTF8&spc=MTo3MzcxODAyMTI2OTI2MDI3OjE3NjY4Mzk3MzY6c3BfYXRmOjMwMDgxMDM1MzA1MTEzMjo6MDo6&url=%2FSage-Controllers-Controller-compatible-Professional%2Fdp%2FB09XJDF19K%2Fref%3Dsr_1_1_sspa%3Fcrid%3D302ZJMTZG1JP1%26dib%3DeyJ2IjoiMSJ9.LFVt-P4VfYSI0tw5J_cegSK92whhtXrjDDzVMLUNuoUyWAyl0alro9rXqt1W6QfStusKeNnr9n6AyemylpZDiV4etsU_GiEBjsQJILqtZoBhh9mIU4sTQThWQdqyf_3Rbv8b7bGG4NXQ2MIYDmKW-VxjcLTDgHvK1A28ekzLVzwtwbYngqmIvh1mIW5XfM7qCy6pyfXx-3tPAhLPd-I2YG2na4LYNKb6VZAp7kk6uo8.WmT5SrJt8I0tLWDA9J5QyFYh_wNoYH3UqQNzXewrIzk%26dib_tag%3Dse%26keywords%3Dplaystation%2B5%26qid%3D1766839736%26sprefix%3Dplaystation%2B%252Caps%252C369%26sr%3D8-1-spons%26aref%3DTZNp6TCQ71%26sp_csd%3Dd2lkZ2V0TmFtZT1zcF9hdGY%26psc%3D1&aref=TZNp6TCQ71&sp_cr=ZAZ
"Sage Controllers PRO+ Controller compatible with PS5 Console & PC | Custommade Wireless PS5 Gaming Controller with 4 Back Paddles, Clicky Triggers & Bumpers | Spider M Theme | Professional gaming controller (Pro+ with Hall Effect TMR)","14,000",5.0 out of 5 stars,https://www.amazon.in/sspa/click?ie=UTF8&spc=MTo3MzcxODAyMTI2OTI2MDI3OjE3NjY4Mzk3MzY6c3BfYXRmOjMwMDgxMDM1MzA1MTUzMjo6MDo6&url=%2FSage-Controllers-Pro-Hall-Effect%2Fdp%2FB0FVMCMDWR%2Fref%3Dsr_1_2_sspa%3Fcrid%3D302ZJMTZG1JP1%26dib%3DeyJ2IjoiMSJ9.LFVt-P4VfYSI0tw5J_cegSK92whhtXrjDDzVMLUNuoUyWAyl0alro9rXqt1W6QfStusKeNnr9n6AyemylpZDiV4etsU_GiEBjsQJILqtZoBhh9mIU4sTQThWQdqyf_3Rbv8b7bGG4NXQ2MIYDmKW-VxjcLTDgHvK1A28ekzLVzwtwbYngqmIvh1mIW5XfM7qCy6pyfXx-3tPAhLPd-I2YG2na4LYNKb6VZAp7kk6uo8.WmT5SrJt8I0tLWDA9J5QyFYh_wNoYH3UqQNzXewrIzk%26dib_tag%3Dse%26keywords%3Dplaystation%2B5%26qid%3D1766839736%26sprefix%3Dplaystation%2B%252Caps%252C369%26sr%3D8-2-spons%26aref%3DwbrKJRwOKb%26sp_csd%3Dd2lkZ2V0TmFtZT1zcF9hdGY%26psc%3D1&aref=wbrKJRwOKb&sp_cr=ZAZ
Sony PlayStation5 Gaming Console (Slim),"54,990",4.5 out of 5 stars,https://www.amazon.in/Sony-CFI-2008A01X-PlayStation%C2%AE5-Console-slim/dp/B0CY5HVDS2/ref=sr_1_3?crid=302ZJMTZG1JP1&dib=eyJ2IjoiMSJ9.LFVt-P4VfYSI0tw5J_cegSK92whhtXrjDDzVMLUNuoUyWAyl0alro9rXqt1W6QfStusKeNnr9n6AyemylpZDiV4etsU_GiEBjsQJILqtZoBhh9mIU4sTQThWQdqyf_3Rbv8b7bGG4NXQ2MIYDmKW-VxjcLTDgHvK1A28ekzLVzwtwbYngqmIvh1mIW5XfM7qCy6pyfXx-3tPAhLPd-I2YG2na4LYNKb6VZAp7kk6uo8.WmT5SrJt8I0tLWDA9J5QyFYh_wNoYH3UqQNzXewrIzk&dib_tag=se&keywords=playstation+5&qid=1766839736&sprefix=playstation+%2Caps%2C369&sr=8-3
Sony PlayStation®5 Digital Edition (slim) Console Video Game,"49,990",4.6 out of 5 stars,https://www.amazon.in/Sony-PlayStation%C2%AE5-Digital-Edition-slim/dp/B0CY5QW186/ref=sr_1_4?crid=302ZJMTZG1JP1&dib=eyJ2IjoiMSJ9.LFVt-P4VfYSI0tw5J_cegSK92whhtXrjDDzVMLUNuoUyWAyl0alro9rXqt1W6QfStusKeNnr9n6AyemylpZDiV4etsU_GiEBjsQJILqtZoBhh9mIU4sTQThWQdqyf_3Rbv8b7bGG4NXQ2MIYDmKW-VxjcLTDgHvK1A28ekzLVzwtwbYngqmIvh1mIW5XfM7qCy6pyfXx-3tPAhLPd-I2YG2na4LYNKb6VZAp7kk6uo8.WmT5SrJt8I0tLWDA9J5QyFYh_wNoYH3UqQNzXewrIzk&dib_tag=se&keywords=playstation+5&qid=1766839736&sprefix=playstation+%2Caps%2C369&sr=8-4
Sony DualSense Wireless Controller White (PlayStation 5),"4,890",4.2 out of 5 stars,https://www.amazon.in/DualSense-Wireless-Controller-PlayStation-White/dp/B08GZ6QNTC/ref=sr_1_5?crid=302ZJMTZG1JP1&dib=eyJ2IjoiMSJ9.LFVt-P4VfYSI0tw5J_cegSK92whhtXrjDDzVMLUNuoUyWAyl0alro9rXqt1W6QfStusKeNnr9n6AyemylpZDiV4etsU_GiEBjsQJILqtZoBhh9mIU4sTQThWQdqyf_3Rbv8b7bGG4NXQ2MIYDmKW-VxjcLTDgHvK1A28ekzLVzwtwbYngqmIvh1mIW5XfM7qCy6pyfXx-3tPAhLPd-I2YG2na4LYNKb6VZAp7kk6uo8.WmT5SrJt8I0tLWDA9J5QyFYh_wNoYH3UqQNzXewrIzk&dib_tag=se&keywords=playstation+5&qid=1766839736&sprefix=playstation+%2Caps%2C369&sr=8-5
PS5® Console - Fortnite Flowering Chaos Bundle,"54,990",,https://www.amazon.in/PS5%C2%AE-Console-Fortnite-Flowering-Bundle/dp/B0G66KXDKQ/ref=sr_1_6?crid=302ZJMTZG1JP1&dib=eyJ2IjoiMSJ9.LFVt-P4VfYSI0tw5J_cegSK92whhtXrjDDzVMLUNuoUyWAyl0alro9rXqt1W6QfStusKeNnr9n6AyemylpZDiV4etsU_GiEBjsQJILqtZoBhh9mIU4sTQThWQdqyf_3Rbv8b7bGG4NXQ2MIYDmKW-VxjcLTDgHvK1A28ekzLVzwtwbYngqmIvh1mIW5XfM7qCy6pyfXx-3tPAhLPd-I2YG2na4LYNKb6VZAp7kk6uo8.WmT5SrJt8I0tLWDA9J5QyFYh_wNoYH3UqQNzXewrIzk&dib_tag=se&keywords=playstation+5&qid=1766839736&sprefix=playstation+%2Caps%2C369&sr=8-6
PlayStation 5 Standard Edition Slim Gaming Console (Nordic),"54,990",4.4 out of 5 stars,https://www.amazon.in/PlayStation-5-Standard-Slim-Nordic/dp/B0CNKDMHPD/ref=sr_1_7?crid=302ZJMTZG1JP1&dib=eyJ2IjoiMSJ9.LFVt-P4VfYSI0tw5J_cegSK92whhtXrjDDzVMLUNuoUyWAyl0alro9rXqt1W6QfStusKeNnr9n6AyemylpZDiV4etsU_GiEBjsQJILqtZoBhh9mIU4sTQThWQdqyf_3Rbv8b7bGG4NXQ2MIYDmKW-VxjcLTDgHvK1A28ekzLVzwtwbYngqmIvh1mIW5XfM7qCy6pyfXx-3tPAhLPd-I2YG2na4LYNKb6VZAp7kk6uo8.WmT5SrJt8I0tLWDA9J5QyFYh_wNoYH3UqQNzXewrIzk&dib_tag=se&keywords=playstation+5&qid=1766839736&sprefix=playstation+%2Caps%2C369&sr=8-7
2K GAMES WWE 2K25 | Standard Edition | PlayStation 5,"2,760",4.0 out of 5 stars,https://www.amazon.in/2K-GAMES-2K25-Standard-PlayStation/dp/B0DY7HL3QK/ref=sr_1_8?crid=302ZJMTZG1JP1&dib=eyJ2IjoiMSJ9.LFVt-P4VfYSI0tw5J_cegSK92whhtXrjDDzVMLUNuoUyWAyl0alro9rXqt1W6QfStusKeNnr9n6AyemylpZDiV4etsU_GiEBjsQJILqtZoBhh9mIU4sTQThWQdqyf_3Rbv8b7bGG4NXQ2MIYDmKW-VxjcLTDgHvK1A28ekzLVzwtwbYngqmIvh1mIW5XfM7qCy6pyfXx-3tPAhLPd-I2YG2na4LYNKb6VZAp7kk6uo8.WmT5SrJt8I0tLWDA9J5QyFYh_wNoYH3UqQNzXewrIzk&dib_tag=se&keywords=playstation+5&qid=1766839736&sprefix=playstation+%2Caps%2C369&sr=8-8
PlayStation 5 Digital Edition Console,"47,990",4.7 out of 5 stars,https://www.amazon.in/PlayStation-5-Digital-Edition-Console/dp/B08FC6MR62/ref=sr_1_9?crid=302ZJMTZG1JP1&dib=eyJ2IjoiMSJ9.LFVt-P4VfYSI0tw5J_cegSK92whhtXrjDDzVMLUNuoUyWAyl0alro9rXqt1W6QfStusKeNnr9n6AyemylpZDiV4etsU_GiEBjsQJILqtZoBhh9mIU4sTQThWQdqyf_3Rbv8b7bGG4NXQ2MIYDmKW-VxjcLTDgHvK1A28ekzLVzwtwbYngqmIvh1mIW5XfM7qCy6pyfXx-3tPAhLPd-I2YG2na4LYNKb6VZAp7kk6uo8.WmT5SrJt8I0tLWDA9J5QyFYh_wNoYH3UqQNzXewrIzk&dib_tag=se&keywords=playstation+5&qid=1766839736&sprefix=playstation+%2Caps%2C369&sr=8-9
Bandai Namco Tekken 8 | Standard Edition | PlayStation 5,"2,999",4.2 out of 5 stars,https://www.amazon.in/Bandai-Namco-Tekken-Standard-PlayStation/dp/B0CKSX2S72/ref=sr_1_10?crid=302ZJMTZG1JP1&dib=eyJ2IjoiMSJ9.LFVt-P4VfYSI0tw5J_cegSK92whhtXrjDDzVMLUNuoUyWAyl0alro9rXqt1W6QfStusKeNnr9n6AyemylpZDiV4etsU_GiEBjsQJILqtZoBhh9mIU4sTQThWQdqyf_3Rbv8b7bGG4NXQ2MIYDmKW-VxjcLTDgHvK1A28ekzLVzwtwbYngqmIvh1mIW5XfM7qCy6pyfXx-3tPAhLPd-I2YG2na4LYNKb6VZAp7kk6uo8.WmT5SrJt8I0tLWDA9J5QyFYh_wNoYH3UqQNzXewrIzk&dib_tag=se&keywords=playstation+5&qid=1766839736&sprefix=playstation+%2Caps%2C369&sr=8-10
Sage Controllers | Custom ps5 Controller with 4 Back Paddles | Monkey D Luffy Pro+ | One piece | PC PS5 Mobile,"10,999",5.0 out of 5 stars,https://www.amazon.in/sspa/click?ie=UTF8&spc=MTo3MzcxODAyMTI2OTI2MDI3OjE3NjY4Mzk3MzY6c3BfbXRmOjMwMDgxMDM1MzA1MTIzMjo6MDo6&url=%2FSage-Controller-Custom-Dualsense-Paddles%2Fdp%2FB09XJGRTTG%2Fref%3Dsr_1_11_sspa%3Fcrid%3D302ZJMTZG1JP1%26dib%3DeyJ2IjoiMSJ9.LFVt-P4VfYSI0tw5J_cegSK92whhtXrjDDzVMLUNuoUyWAyl0alro9rXqt1W6QfStusKeNnr9n6AyemylpZDiV4etsU_GiEBjsQJILqtZoBhh9mIU4sTQThWQdqyf_3Rbv8b7bGG4NXQ2MIYDmKW-VxjcLTDgHvK1A28ekzLVzwtwbYngqmIvh1mIW5XfM7qCy6pyfXx-3tPAhLPd-I2YG2na4LYNKb6VZAp7kk6uo8.WmT5SrJt8I0tLWDA9J5QyFYh_wNoYH3UqQNzXewrIzk%26dib_tag%3Dse%26keywords%3Dplaystation%2B5%26qid%3D1766839736%26sprefix%3Dplaystation%2B%252Caps%252C369%26sr%3D8-11-spons%26aref%3DTBqGHLoJI5%26sp_csd%3Dd2lkZ2V0TmFtZT1zcF9tdGY%26psc%3D1&aref=TBqGHLoJI5&sp_cr=ZAZ
"Sage Controllers PRO+ Controller compatible with PS5 Console & PC | Custommade Wireless PS5 Gaming Controller with 4 Back Paddles, Clicky Triggers & Bumpers | Glow in the dark - SpiderMn theme | Professional gaming controller (Pro+ with Hall Effect TMR)","14,500",,https://www.amazon.in/sspa/click?ie=UTF8&spc=MTo3MzcxODAyMTI2OTI2MDI3OjE3NjY4Mzk3MzY6c3BfbXRmOjMwMDgxMDM1MzA1MTYzMjo6MDo6&url=%2FSage-Controllers-Controller-compatible-Custommade%2Fdp%2FB0FVMC2ZJH%2Fref%3Dsr_1_12_sspa%3Fcrid%3D302ZJMTZG1JP1%26dib%3DeyJ2IjoiMSJ9.LFVt-P4VfYSI0tw5J_cegSK92whhtXrjDDzVMLUNuoUyWAyl0alro9rXqt1W6QfStusKeNnr9n6AyemylpZDiV4etsU_GiEBjsQJILqtZoBhh9mIU4sTQThWQdqyf_3Rbv8b7bGG4NXQ2MIYDmKW-VxjcLTDgHvK1A28ekzLVzwtwbYngqmIvh1mIW5XfM7qCy6pyfXx-3tPAhLPd-I2YG2na4LYNKb6VZAp7kk6uo8.WmT5SrJt8I0tLWDA9J5QyFYh_wNoYH3UqQNzXewrIzk%26dib_tag%3Dse%26keywords%3Dplaystation%2B5%26qid%3D1766839736%26sprefix%3Dplaystation%2B%252Caps%252C369%26sr%3D8-12-spons%26aref%3Dnhs1LjHO3E%26sp_csd%3Dd2lkZ2V0TmFtZT1zcF9tdGY%26psc%3D1&aref=nhs1LjHO3E&sp_cr=ZAZ
WB Games Hogwarts Legacy | Standard Edition| Playstation 5 (Ps5),"2,628",4.5 out of 5 stars,https://www.amazon.in/Hogwarts-Legacy-Standard-PlayStation-PS5/dp/B0BBV2KB8R/ref=sr_1_13?crid=302ZJMTZG1JP1&dib=eyJ2IjoiMSJ9.LFVt-P4VfYSI0tw5J_cegSK92whhtXrjDDzVMLUNuoUyWAyl0alro9rXqt1W6QfStusKeNnr9n6AyemylpZDiV4etsU_GiEBjsQJILqtZoBhh9mIU4sTQThWQdqyf_3Rbv8b7bGG4NXQ2MIYDmKW-VxjcLTDgHvK1A28ekzLVzwtwbYngqmIvh1mIW5XfM7qCy6pyfXx-3tPAhLPd-I2YG2na4LYNKb6VZAp7kk6uo8.WmT5SrJt8I0tLWDA9J5QyFYh_wNoYH3UqQNzXewrIzk&dib_tag=se&keywords=playstation+5&qid=1766839736&sprefix=playstation+%2Caps%2C369&sr=8-13
"Ant Esports Dock5 RGB with Cooling Fan and Dual Controller Charger Station, PS5 Console Disc & Digital Edition, PS5 Cooling Station Accessories with RGB Light/Headset Holder/6 Game Slots/Screw (White)","1,757",4.4 out of 5 stars,https://www.amazon.in/Ant-Esports-Cooling-Controller-Accessories/dp/B0BRZZCRPW/ref=sr_1_14?crid=302ZJMTZG1JP1&dib=eyJ2IjoiMSJ9.LFVt-P4VfYSI0tw5J_cegSK92whhtXrjDDzVMLUNuoUyWAyl0alro9rXqt1W6QfStusKeNnr9n6AyemylpZDiV4etsU_GiEBjsQJILqtZoBhh9mIU4sTQThWQdqyf_3Rbv8b7bGG4NXQ2MIYDmKW-VxjcLTDgHvK1A28ekzLVzwtwbYngqmIvh1mIW5XfM7qCy6pyfXx-3tPAhLPd-I2YG2na4LYNKb6VZAp7kk6uo8.WmT5SrJt8I0tLWDA9J5QyFYh_wNoYH3UqQNzXewrIzk&dib_tag=se&keywords=playstation+5&qid=1766839736&sprefix=playstation+%2Caps%2C369&sr=8-14
Electronic Arts FC 26 | Standard Edition | PlayStation 5,"4,442",3.6 out of 5 stars,https://www.amazon.in/Electronic-Arts-FC-Standard-PlayStation/dp/B0FHWBD9ZV/ref=sr_1_15?crid=302ZJMTZG1JP1&dib=eyJ2IjoiMSJ9.LFVt-P4VfYSI0tw5J_cegSK92whhtXrjDDzVMLUNuoUyWAyl0alro9rXqt1W6QfStusKeNnr9n6AyemylpZDiV4etsU_GiEBjsQJILqtZoBhh9mIU4sTQThWQdqyf_3Rbv8b7bGG4NXQ2MIYDmKW-VxjcLTDgHvK1A28ekzLVzwtwbYngqmIvh1mIW5XfM7qCy6pyfXx-3tPAhLPd-I2YG2na4LYNKb6VZAp7kk6uo8.WmT5SrJt8I0tLWDA9J5QyFYh_wNoYH3UqQNzXewrIzk&dib_tag=se&keywords=playstation+5&qid=1766839736&sprefix=playstation+%2Caps%2C369&sr=8-15
"Playstation 5 DualSense Wireless Controller Astro Bot Joyful Limited Edition, 1 Year Manufacturer Warranty","7,244",4.2 out of 5 stars,https://www.amazon.in/Playstation-DualSense-Wireless-Controller-Manufacturer/dp/B0FPX2CN3K/ref=sr_1_16?crid=302ZJMTZG1JP1&dib=eyJ2IjoiMSJ9.LFVt-P4VfYSI0tw5J_cegSK92whhtXrjDDzVMLUNuoUyWAyl0alro9rXqt1W6QfStusKeNnr9n6AyemylpZDiV4etsU_GiEBjsQJILqtZoBhh9mIU4sTQThWQdqyf_3Rbv8b7bGG4NXQ2MIYDmKW-VxjcLTDgHvK1A28ekzLVzwtwbYngqmIvh1mIW5XfM7qCy6pyfXx-3tPAhLPd-I2YG2na4LYNKb6VZAp7kk6uo8.WmT5SrJt8I0tLWDA9J5QyFYh_wNoYH3UqQNzXewrIzk&dib_tag=se&keywords=playstation+5&qid=1766839736&sprefix=playstation+%2Caps%2C369&sr=8-16
"ZEBRONICS PS5SC,Vertical PS5 Docking Station, 5000RPM 3 Level Fan, 2X Dual Sense 3H Rapid Charging Dock, Headset Hanger, 14x Disk Holder, RGB, Supports PS5 Standard | Slim | Pro (Disk & Digital)","1,999",4.0 out of 5 stars,https://www.amazon.in/ZEBRONICS-Vertical-Charging-Supports-Standard/dp/B0F8C158KQ/ref=sr_1_17?crid=302ZJMTZG1JP1&dib=eyJ2IjoiMSJ9.LFVt-P4VfYSI0tw5J_cegSK92whhtXrjDDzVMLUNuoUyWAyl0alro9rXqt1W6QfStusKeNnr9n6AyemylpZDiV4etsU_GiEBjsQJILqtZoBhh9mIU4sTQThWQdqyf_3Rbv8b7bGG4NXQ2MIYDmKW-VxjcLTDgHvK1A28ekzLVzwtwbYngqmIvh1mIW5XfM7qCy6pyfXx-3tPAhLPd-I2YG2na4LYNKb6VZAp7kk6uo8.WmT5SrJt8I0tLWDA9J5QyFYh_wNoYH3UqQNzXewrIzk&dib_tag=se&keywords=playstation+5&qid=1766839736&sprefix=playstation+%2Caps%2C369&sr=8-17
"Sounce Anti-Slip Silicone PS5 Controller Skin Cover – Non-Slip Protective Grip Sleeve with Thumb Grip Caps, Touch Pad Sticker & Wrap Cover Stickers for PlayStation 5 (Pack of 1, Red Skin Cover)",399,4.4 out of 5 stars,https://www.amazon.in/Sounce-Anti-Slip-Silicone-Controller-Cover/dp/B0FRF4VSXC/ref=sr_1_18?crid=302ZJMTZG1JP1&dib=eyJ2IjoiMSJ9.LFVt-P4VfYSI0tw5J_cegSK92whhtXrjDDzVMLUNuoUyWAyl0alro9rXqt1W6QfStusKeNnr9n6AyemylpZDiV4etsU_GiEBjsQJILqtZoBhh9mIU4sTQThWQdqyf_3Rbv8b7bGG4NXQ2MIYDmKW-VxjcLTDgHvK1A28ekzLVzwtwbYngqmIvh1mIW5XfM7qCy6pyfXx-3tPAhLPd-I2YG2na4LYNKb6VZAp7kk6uo8.WmT5SrJt8I0tLWDA9J5QyFYh_wNoYH3UqQNzXewrIzk&dib_tag=se&keywords=playstation+5&qid=1766839736&sprefix=playstation+%2Caps%2C369&sr=8-18
Sony DualSense™ Charging Station,"2,420",4.5 out of 5 stars,https://www.amazon.in/Sony-Dualsense-Charging-Playstation5-Multicolor/dp/B08FVMT8QN/ref=sr_1_19?crid=302ZJMTZG1JP1&dib=eyJ2IjoiMSJ9.LFVt-P4VfYSI0tw5J_cegSK92whhtXrjDDzVMLUNuoUyWAyl0alro9rXqt1W6QfStusKeNnr9n6AyemylpZDiV4etsU_GiEBjsQJILqtZoBhh9mIU4sTQThWQdqyf_3Rbv8b7bGG4NXQ2MIYDmKW-VxjcLTDgHvK1A28ekzLVzwtwbYngqmIvh1mIW5XfM7qCy6pyfXx-3tPAhLPd-I2YG2na4LYNKb6VZAp7kk6uo8.WmT5SrJt8I0tLWDA9J5QyFYh_wNoYH3UqQNzXewrIzk&dib_tag=se&keywords=playstation+5&qid=1766839736&sprefix=playstation+%2Caps%2C369&sr=8-19
"Sounce Dust Plug for PS5, 9 Pcs Dust Plug Kit, Slim Console, PS5 Silicone Plug Protector, Antidust Cover, Dustproof PlayStation 5 Disk/Digital Console Slim Game Accessories (Black)",199,4.8 out of 5 stars,https://www.amazon.in/Sounce-Protector-Dustproof-PlayStation-Accessories/dp/B0FNDDJ1LV/ref=sr_1_20?crid=302ZJMTZG1JP1&dib=eyJ2IjoiMSJ9.LFVt-P4VfYSI0tw5J_cegSK92whhtXrjDDzVMLUNuoUyWAyl0alro9rXqt1W6QfStusKeNnr9n6AyemylpZDiV4etsU_GiEBjsQJILqtZoBhh9mIU4sTQThWQdqyf_3Rbv8b7bGG4NXQ2MIYDmKW-VxjcLTDgHvK1A28ekzLVzwtwbYngqmIvh1mIW5XfM7qCy6pyfXx-3tPAhLPd-I2YG2na4LYNKb6VZAp7kk6uo8.WmT5SrJt8I0tLWDA9J5QyFYh_wNoYH3UqQNzXewrIzk&dib_tag=se&keywords=playstation+5&qid=1766839736&sprefix=playstation+%2Caps%2C369&sr=8-20
"PSS Hard Carrying Case Storage Bag for PS5, Travel Bag Compatible for Play/Station 5 Console Disk Digital & 2 Controller, Stand, Cable, Waterproof and Shockproof Nylon Fabric (PS5 Accessories)","1,949",4.2 out of 5 stars,https://www.amazon.in/sspa/click?ie=UTF8&spc=MTo3MzcxODAyMTI2OTI2MDI3OjE3NjY4Mzk3MzY6c3BfYnRmOjMwMDYxMTU0Mzc3MTMzMjo6MDo6&url=%2FPSS-Compatible-Controller-Waterproof-Accessories%2Fdp%2FB0D7YV97Z6%2Fref%3Dsr_1_21_sspa%3Fcrid%3D302ZJMTZG1JP1%26dib%3DeyJ2IjoiMSJ9.LFVt-P4VfYSI0tw5J_cegSK92whhtXrjDDzVMLUNuoUyWAyl0alro9rXqt1W6QfStusKeNnr9n6AyemylpZDiV4etsU_GiEBjsQJILqtZoBhh9mIU4sTQThWQdqyf_3Rbv8b7bGG4NXQ2MIYDmKW-VxjcLTDgHvK1A28ekzLVzwtwbYngqmIvh1mIW5XfM7qCy6pyfXx-3tPAhLPd-I2YG2na4LYNKb6VZAp7kk6uo8.WmT5SrJt8I0tLWDA9J5QyFYh_wNoYH3UqQNzXewrIzk%26dib_tag%3Dse%26keywords%3Dplaystation%2B5%26qid%3D1766839736%26sprefix%3Dplaystation%2B%252Caps%252C369%26sr%3D8-21-spons%26aref%3DgJidfvDBiK%26sp_csd%3Dd2lkZ2V0TmFtZT1zcF9idGY%26psc%3D1&aref=gJidfvDBiK&sp_cr=ZAZ
"Oivo Chamunda PS5 Horizontal Stand - Accessories Base Compatible With PlayStation 5 Console Disc & Digital Editions, Upgraded Desk Stand With Screw Fixing (White)",999,4.5 out of 5 stars,https://www.amazon.in/sspa/click?ie=UTF8&spc=MTo3MzcxODAyMTI2OTI2MDI3OjE3NjY4Mzk3MzY6c3BfYnRmOjMwMDc4MDUwNzk0NjIzMjo6MDo6&url=%2FOIVO-Horizontal-Accessories-Compatible-Playstation%2Fdp%2FB09KLKJSQM%2Fref%3Dsr_1_22_sspa%3Fcrid%3D302ZJMTZG1JP1%26dib%3DeyJ2IjoiMSJ9.LFVt-P4VfYSI0tw5J_cegSK92whhtXrjDDzVMLUNuoUyWAyl0alro9rXqt1W6QfStusKeNnr9n6AyemylpZDiV4etsU_GiEBjsQJILqtZoBhh9mIU4sTQThWQdqyf_3Rbv8b7bGG4NXQ2MIYDmKW-VxjcLTDgHvK1A28ekzLVzwtwbYngqmIvh1mIW5XfM7qCy6pyfXx-3tPAhLPd-I2YG2na4LYNKb6VZAp7kk6uo8.WmT5SrJt8I0tLWDA9J5QyFYh_wNoYH3UqQNzXewrIzk%26dib_tag%3Dse%26keywords%3Dplaystation%2B5%26qid%3D1766839736%26sprefix%3Dplaystation%2B%252Caps%252C369%26sr%3D8-22-spons%26aref%3D39N5eFrNrX%26sp_csd%3Dd2lkZ2V0TmFtZT1zcF9idGY%26psc%3D1&aref=39N5eFrNrX&sp_cr=ZAZ
"Sage Controllers PRO+ Controller compatible with PS5 Console & PC | Custommade Wireless PS5 Gaming Controller with 4 Back Paddles, Clicky Triggers & Bumpers | Glow in the dark - SpiderMn theme | Professional gaming controller (Pro+ with Hall Effect TMR)","14,500",,https://www.amazon.in/sspa/click?ie=UTF8&spc=MTo4MDYxMjEyODMzODEyNTc0OjE3NjY4Mzk3Mzg6c3BfYXRmX25leHQ6MzAwODEwMzUzMDUxNjMyOjowOjo&url=%2FSage-Controllers-Controller-compatible-Custommade%2Fdp%2FB0FVMC2ZJH%2Fref%3Dsr_1_17_sspa%3Fcrid%3D302ZJMTZG1JP1%26dib%3DeyJ2IjoiMSJ9.gmy6WzKrOTJ3AipCsj1sMQHEA4-qe2-zcexJkeAM6kuh786YpAF67cqGbUtEKRanYi3Zb7ybHkblWH1rK518XWHVCfqzN_EFVfPjlo56xxGe-Me9GfigW_2EJEdHseDnSKEE_WHsa_JPITMMH4tAAm_Nmy0hqh3rHcBWNU9tL5u5ppMgicT6tgHmtghAn3bOqTr2_aGVdDKLuOpmyuhX80EyO2QlZT1ELw8BrSpNaWs.S4LVqZSlkuDU7FYXiCTG3Xp7W7NMTm6W0vpURpaICrU%26dib_tag%3Dse%26keywords%3Dplaystation%2B5%26qid%3D1766839738%26sprefix%3Dplaystation%2B%252Caps%252C369%26sr%3D8-17-spons%26aref%3Dnhs1LjHO3E%26sp_csd%3Dd2lkZ2V0TmFtZT1zcF9hdGZfbmV4dA%26psc%3D1&aref=nhs1LjHO3E&sp_cr=ZAZ
"Sage Controllers PRO+ Controller compatible with PS5 Console & PC | Custommade Wireless PS5 Gaming Controller with 4 Back Paddles, Clicky Triggers & Bumpers | Monkey d Luffy | Professional gaming controller","11,700",5.0 out of 5 stars,https://www.amazon.in/sspa/click?ie=UTF8&spc=MTo4MDYxMjEyODMzODEyNTc0OjE3NjY4Mzk3Mzg6c3BfYXRmX25leHQ6MzAwODEwMzUzMDUxMTMyOjowOjo&url=%2FSage-Controllers-Controller-compatible-Professional%2Fdp%2FB09XJDF19K%2Fref%3Dsr_1_18_sspa%3Fcrid%3D302ZJMTZG1JP1%26dib%3DeyJ2IjoiMSJ9.gmy6WzKrOTJ3AipCsj1sMQHEA4-qe2-zcexJkeAM6kuh786YpAF67cqGbUtEKRanYi3Zb7ybHkblWH1rK518XWHVCfqzN_EFVfPjlo56xxGe-Me9GfigW_2EJEdHseDnSKEE_WHsa_JPITMMH4tAAm_Nmy0hqh3rHcBWNU9tL5u5ppMgicT6tgHmtghAn3bOqTr2_aGVdDKLuOpmyuhX80EyO2QlZT1ELw8BrSpNaWs.S4LVqZSlkuDU7FYXiCTG3Xp7W7NMTm6W0vpURpaICrU%26dib_tag%3Dse%26keywords%3Dplaystation%2B5%26qid%3D1766839738%26sprefix%3Dplaystation%2B%252Caps%252C369%26sr%3D8-18-spons%26aref%3DTZNp6TCQ71%26sp_csd%3Dd2lkZ2V0TmFtZT1zcF9hdGZfbmV4dA%26psc%3D1&aref=TZNp6TCQ71&sp_cr=ZAZ
Electronic Arts FC 26 | Standard Edition | PlayStation 5,"4,442",3.6 out of 5 stars,https://www.amazon.in/Electronic-Arts-FC-Standard-PlayStation/dp/B0FHWBD9ZV/ref=sr_1_19?crid=302ZJMTZG1JP1&dib=eyJ2IjoiMSJ9.gmy6WzKrOTJ3AipCsj1sMQHEA4-qe2-zcexJkeAM6kuh786YpAF67cqGbUtEKRanYi3Zb7ybHkblWH1rK518XWHVCfqzN_EFVfPjlo56xxGe-Me9GfigW_2EJEdHseDnSKEE_WHsa_JPITMMH4tAAm_Nmy0hqh3rHcBWNU9tL5u5ppMgicT6tgHmtghAn3bOqTr2_aGVdDKLuOpmyuhX80EyO2QlZT1ELw8BrSpNaWs.S4LVqZSlkuDU7FYXiCTG3Xp7W7NMTm6W0vpURpaICrU&dib_tag=se&keywords=playstation+5&qid=1766839738&sprefix=playstation+%2Caps%2C369&sr=8-19
"Sounce Anti-Slip Silicone PS5 Controller Skin Cover – Non-Slip Protective Grip Sleeve with Thumb Grip Caps, Touch Pad Sticker & Wrap Cover Stickers for PlayStation 5 (Pack of 1, Red Skin Cover)",399,4.4 out of 5 stars,https://www.amazon.in/Sounce-Anti-Slip-Silicone-Controller-Cover/dp/B0FRF4VSXC/ref=sr_1_20?crid=302ZJMTZG1JP1&dib=eyJ2IjoiMSJ9.gmy6WzKrOTJ3AipCsj1sMQHEA4-qe2-zcexJkeAM6kuh786YpAF67cqGbUtEKRanYi3Zb7ybHkblWH1rK518XWHVCfqzN_EFVfPjlo56xxGe-Me9GfigW_2EJEdHseDnSKEE_WHsa_JPITMMH4tAAm_Nmy0hqh3rHcBWNU9tL5u5ppMgicT6tgHmtghAn3bOqTr2_aGVdDKLuOpmyuhX80EyO2QlZT1ELw8BrSpNaWs.S4LVqZSlkuDU7FYXiCTG3Xp7W7NMTm6W0vpURpaICrU&dib_tag=se&keywords=playstation+5&qid=1766839738&sprefix=playstation+%2Caps%2C369&sr=8-20
"Sounce Dust Plug for PS5, 9 Pcs Dust Plug Kit, Slim Console, PS5 Silicone Plug Protector, Antidust Cover, Dustproof PlayStation 5 Disk/Digital Console Slim Game Accessories (Black)",199,4.8 out of 5 stars,https://www.amazon.in/Sounce-Protector-Dustproof-PlayStation-Accessories/dp/B0FNDDJ1LV/ref=sr_1_21?crid=302ZJMTZG1JP1&dib=eyJ2IjoiMSJ9.gmy6WzKrOTJ3AipCsj1sMQHEA4-qe2-zcexJkeAM6kuh786YpAF67cqGbUtEKRanYi3Zb7ybHkblWH1rK518XWHVCfqzN_EFVfPjlo56xxGe-Me9GfigW_2EJEdHseDnSKEE_WHsa_JPITMMH4tAAm_Nmy0hqh3rHcBWNU9tL5u5ppMgicT6tgHmtghAn3bOqTr2_aGVdDKLuOpmyuhX80EyO2QlZT1ELw8BrSpNaWs.S4LVqZSlkuDU7FYXiCTG3Xp7W7NMTm6W0vpURpaICrU&dib_tag=se&keywords=playstation+5&qid=1766839738&sprefix=playstation+%2Caps%2C369&sr=8-21
PlayStation Sony Ps5 Marvel's Spiderman : Miles Morales,"1,999",4.4 out of 5 stars,https://www.amazon.in/PS5-Marvels-Spiderman-Miles-Morales/dp/B08RFC9DRQ/ref=sr_1_22?crid=302ZJMTZG1JP1&dib=eyJ2IjoiMSJ9.gmy6WzKrOTJ3AipCsj1sMQHEA4-qe2-zcexJkeAM6kuh786YpAF67cqGbUtEKRanYi3Zb7ybHkblWH1rK518XWHVCfqzN_EFVfPjlo56xxGe-Me9GfigW_2EJEdHseDnSKEE_WHsa_JPITMMH4tAAm_Nmy0hqh3rHcBWNU9tL5u5ppMgicT6tgHmtghAn3bOqTr2_aGVdDKLuOpmyuhX80EyO2QlZT1ELw8BrSpNaWs.S4LVqZSlkuDU7FYXiCTG3Xp7W7NMTm6W0vpURpaICrU&dib_tag=se&keywords=playstation+5&qid=1766839738&sprefix=playstation+%2Caps%2C369&sr=8-22
Cranique Waterproof Dust cover for PS5 Gaming Console Digital Edition & Disc Edition Playstation 5 (Black),227,4.3 out of 5 stars,https://www.amazon.in/Cranique-Waterproof-Console-Digital-Playstation/dp/B0CHMXVCGH/ref=sr_1_23?crid=302ZJMTZG1JP1&dib=eyJ2IjoiMSJ9.gmy6WzKrOTJ3AipCsj1sMQHEA4-qe2-zcexJkeAM6kuh786YpAF67cqGbUtEKRanYi3Zb7ybHkblWH1rK518XWHVCfqzN_EFVfPjlo56xxGe-Me9GfigW_2EJEdHseDnSKEE_WHsa_JPITMMH4tAAm_Nmy0hqh3rHcBWNU9tL5u5ppMgicT6tgHmtghAn3bOqTr2_aGVdDKLuOpmyuhX80EyO2QlZT1ELw8BrSpNaWs.S4LVqZSlkuDU7FYXiCTG3Xp7W7NMTm6W0vpURpaICrU&dib_tag=se&keywords=playstation+5&qid=1766839738&sprefix=playstation+%2Caps%2C369&sr=8-23
Playstation Sony PS 5 Dualsense Controller Gaming Console White,"5,945",4.2 out of 5 stars,https://www.amazon.in/Sony-Playstation-Dualsense-Controller-White/dp/B08KJPLGLF/ref=sr_1_24?crid=302ZJMTZG1JP1&dib=eyJ2IjoiMSJ9.gmy6WzKrOTJ3AipCsj1sMQHEA4-qe2-zcexJkeAM6kuh786YpAF67cqGbUtEKRanYi3Zb7ybHkblWH1rK518XWHVCfqzN_EFVfPjlo56xxGe-Me9GfigW_2EJEdHseDnSKEE_WHsa_JPITMMH4tAAm_Nmy0hqh3rHcBWNU9tL5u5ppMgicT6tgHmtghAn3bOqTr2_aGVdDKLuOpmyuhX80EyO2QlZT1ELw8BrSpNaWs.S4LVqZSlkuDU7FYXiCTG3Xp7W7NMTm6W0vpURpaICrU&dib_tag=se&keywords=playstation+5&qid=1766839738&sprefix=playstation+%2Caps%2C369&sr=8-24
Sony Uncharted: Legacy Of Thieves Collection | Ps5 Game (Playstation 5),"1,599",4.6 out of 5 stars,https://www.amazon.in/Unchartered-Legacy-Thieves-Collection-PlayStation/dp/B09N9MBVD1/ref=sr_1_25?crid=302ZJMTZG1JP1&dib=eyJ2IjoiMSJ9.gmy6WzKrOTJ3AipCsj1sMQHEA4-qe2-zcexJkeAM6kuh786YpAF67cqGbUtEKRanYi3Zb7ybHkblWH1rK518XWHVCfqzN_EFVfPjlo56xxGe-Me9GfigW_2EJEdHseDnSKEE_WHsa_JPITMMH4tAAm_Nmy0hqh3rHcBWNU9tL5u5ppMgicT6tgHmtghAn3bOqTr2_aGVdDKLuOpmyuhX80EyO2QlZT1ELw8BrSpNaWs.S4LVqZSlkuDU7FYXiCTG3Xp7W7NMTm6W0vpURpaICrU&dib_tag=se&keywords=playstation+5&qid=1766839738&sprefix=playstation+%2Caps%2C369&sr=8-25
Sony Dualsense Edge Wireless Controller (Playstation 5),"15,990",4.4 out of 5 stars,https://www.amazon.in/Sony-DualSense-Wireless-Controller-PlayStation/dp/B0BMPLHLZ9/ref=sr_1_26?crid=302ZJMTZG1JP1&dib=eyJ2IjoiMSJ9.gmy6WzKrOTJ3AipCsj1sMQHEA4-qe2-zcexJkeAM6kuh786YpAF67cqGbUtEKRanYi3Zb7ybHkblWH1rK518XWHVCfqzN_EFVfPjlo56xxGe-Me9GfigW_2EJEdHseDnSKEE_WHsa_JPITMMH4tAAm_Nmy0hqh3rHcBWNU9tL5u5ppMgicT6tgHmtghAn3bOqTr2_aGVdDKLuOpmyuhX80EyO2QlZT1ELw8BrSpNaWs.S4LVqZSlkuDU7FYXiCTG3Xp7W7NMTm6W0vpURpaICrU&dib_tag=se&keywords=playstation+5&qid=1766839738&sprefix=playstation+%2Caps%2C369&sr=8-26
"Sage Controllers PRO+ Controller compatible with PS5 Console & PC | Custommade Wireless PS5 Gaming Controller with 4 Back Paddles, Clicky Triggers & Bumpers | Spider M Theme | Professional gaming controller (Pro+ with Hall Effect TMR)","14,000",5.0 out of 5 stars,https://www.amazon.in/sspa/click?ie=UTF8&spc=MTo4MDYxMjEyODMzODEyNTc0OjE3NjY4Mzk3Mzg6c3BfbXRmOjMwMDgxMDM1MzA1MTUzMjo6MDo6&url=%2FSage-Controllers-Pro-Hall-Effect%2Fdp%2FB0FVMCMDWR%2Fref%3Dsr_1_27_sspa%3Fcrid%3D302ZJMTZG1JP1%26dib%3DeyJ2IjoiMSJ9.gmy6WzKrOTJ3AipCsj1sMQHEA4-qe2-zcexJkeAM6kuh786YpAF67cqGbUtEKRanYi3Zb7ybHkblWH1rK518XWHVCfqzN_EFVfPjlo56xxGe-Me9GfigW_2EJEdHseDnSKEE_WHsa_JPITMMH4tAAm_Nmy0hqh3rHcBWNU9tL5u5ppMgicT6tgHmtghAn3bOqTr2_aGVdDKLuOpmyuhX80EyO2QlZT1ELw8BrSpNaWs.S4LVqZSlkuDU7FYXiCTG3Xp7W7NMTm6W0vpURpaICrU%26dib_tag%3Dse%26keywords%3Dplaystation%2B5%26qid%3D1766839738%26sprefix%3Dplaystation%2B%252Caps%252C369%26sr%3D8-27-spons%26aref%3DwbrKJRwOKb%26sp_csd%3Dd2lkZ2V0TmFtZT1zcF9tdGY%26psc%3D1&aref=wbrKJRwOKb&sp_cr=ZAZ
Sage Controllers | Custom ps5 Controller with 4 Back Paddles | Monkey D Luffy Pro+ | One piece | PC PS5 Mobile,"10,999",5.0 out of 5 stars,https://www.amazon.in/sspa/click?ie=UTF8&spc=MTo4MDYxMjEyODMzODEyNTc0OjE3NjY4Mzk3Mzg6c3BfbXRmOjMwMDgxMDM1MzA1MTIzMjo6MDo6&url=%2FSage-Controller-Custom-Dualsense-Paddles%2Fdp%2FB09XJGRTTG%2Fref%3Dsr_1_28_sspa%3Fcrid%3D302ZJMTZG1JP1%26dib%3DeyJ2IjoiMSJ9.gmy6WzKrOTJ3AipCsj1sMQHEA4-qe2-zcexJkeAM6kuh786YpAF67cqGbUtEKRanYi3Zb7ybHkblWH1rK518XWHVCfqzN_EFVfPjlo56xxGe-Me9GfigW_2EJEdHseDnSKEE_WHsa_JPITMMH4tAAm_Nmy0hqh3rHcBWNU9tL5u5ppMgicT6tgHmtghAn3bOqTr2_aGVdDKLuOpmyuhX80EyO2QlZT1ELw8BrSpNaWs.S4LVqZSlkuDU7FYXiCTG3Xp7W7NMTm6W0vpURpaICrU%26dib_tag%3Dse%26keywords%3Dplaystation%2B5%26qid%3D1766839738%26sprefix%3Dplaystation%2B%252Caps%252C369%26sr%3D8-28-spons%26aref%3DTBqGHLoJI5%26sp_csd%3Dd2lkZ2V0TmFtZT1zcF9tdGY%26psc%3D1&aref=TBqGHLoJI5&sp_cr=ZAZ
PlayStation Sony God Of War Ragnarok | Standard Edition | PS5 Game (PlayStation 5),"2,099",4.5 out of 5 stars,https://www.amazon.in/Sony-Ragnarok-Standard-Game-PlayStation/dp/B0B6FGSKCQ/ref=sr_1_29?crid=302ZJMTZG1JP1&dib=eyJ2IjoiMSJ9.gmy6WzKrOTJ3AipCsj1sMQHEA4-qe2-zcexJkeAM6kuh786YpAF67cqGbUtEKRanYi3Zb7ybHkblWH1rK518XWHVCfqzN_EFVfPjlo56xxGe-Me9GfigW_2EJEdHseDnSKEE_WHsa_JPITMMH4tAAm_Nmy0hqh3rHcBWNU9tL5u5ppMgicT6tgHmtghAn3bOqTr2_aGVdDKLuOpmyuhX80EyO2QlZT1ELw8BrSpNaWs.S4LVqZSlkuDU7FYXiCTG3Xp7W7NMTm6W0vpURpaICrU&dib_tag=se&keywords=playstation+5&qid=1766839738&sprefix=playstation+%2Caps%2C369&sr=8-29
Electronic Arts EA Sports FC 25 | Standard Edition | PlayStation 5,"2,541",4.6 out of 5 stars,https://www.amazon.in/Electronic-Arts-Sports-Standard-PlayStation/dp/B0D9NCPRJZ/ref=sr_1_30?crid=302ZJMTZG1JP1&dib=eyJ2IjoiMSJ9.gmy6WzKrOTJ3AipCsj1sMQHEA4-qe2-zcexJkeAM6kuh786YpAF67cqGbUtEKRanYi3Zb7ybHkblWH1rK518XWHVCfqzN_EFVfPjlo56xxGe-Me9GfigW_2EJEdHseDnSKEE_WHsa_JPITMMH4tAAm_Nmy0hqh3rHcBWNU9tL5u5ppMgicT6tgHmtghAn3bOqTr2_aGVdDKLuOpmyuhX80EyO2QlZT1ELw8BrSpNaWs.S4LVqZSlkuDU7FYXiCTG3Xp7W7NMTm6W0vpURpaICrU&dib_tag=se&keywords=playstation+5&qid=1766839738&sprefix=playstation+%2Caps%2C369&sr=8-30
"HOSS® Wall Mount Stand for PS5 – Space-Saving & Ventilated Design for PlayStation 5,Slim Disc and Digital Edition, Controller & Headset Holders, Easy Installation (White)","1,299",4.5 out of 5 stars,https://www.amazon.in/HOSS%C2%AE-Wall-Mount-Stand-PS5/dp/B0DZH13DHW/ref=sr_1_31?crid=302ZJMTZG1JP1&dib=eyJ2IjoiMSJ9.gmy6WzKrOTJ3AipCsj1sMQHEA4-qe2-zcexJkeAM6kuh786YpAF67cqGbUtEKRanYi3Zb7ybHkblWH1rK518XWHVCfqzN_EFVfPjlo56xxGe-Me9GfigW_2EJEdHseDnSKEE_WHsa_JPITMMH4tAAm_Nmy0hqh3rHcBWNU9tL5u5ppMgicT6tgHmtghAn3bOqTr2_aGVdDKLuOpmyuhX80EyO2QlZT1ELw8BrSpNaWs.S4LVqZSlkuDU7FYXiCTG3Xp7W7NMTm6W0vpURpaICrU&dib_tag=se&keywords=playstation+5&qid=1766839738&sprefix=playstation+%2Caps%2C369&sr=8-31
Sony PS5 Ghost of Yotei,"5,058",4.4 out of 5 stars,https://www.amazon.in/Sony-PS5-Ghost-of-Yotei/dp/B0F6VH981P/ref=sr_1_32?crid=302ZJMTZG1JP1&dib=eyJ2IjoiMSJ9.gmy6WzKrOTJ3AipCsj1sMQHEA4-qe2-zcexJkeAM6kuh786YpAF67cqGbUtEKRanYi3Zb7ybHkblWH1rK518XWHVCfqzN_EFVfPjlo56xxGe-Me9GfigW_2EJEdHseDnSKEE_WHsa_JPITMMH4tAAm_Nmy0hqh3rHcBWNU9tL5u5ppMgicT6tgHmtghAn3bOqTr2_aGVdDKLuOpmyuhX80EyO2QlZT1ELw8BrSpNaWs.S4LVqZSlkuDU7FYXiCTG3Xp7W7NMTm6W0vpURpaICrU&dib_tag=se&keywords=playstation+5&qid=1766839738&sprefix=playstation+%2Caps%2C369&sr=8-32
Sony Gran Turismo 7 | Standard Edition | PS5 Game (PlayStation 5),"2,499",4.4 out of 5 stars,https://www.amazon.in/PS5-Gran-Turismo-7-Standard/dp/B09GVLRJVS/ref=sr_1_33?crid=302ZJMTZG1JP1&dib=eyJ2IjoiMSJ9.gmy6WzKrOTJ3AipCsj1sMQHEA4-qe2-zcexJkeAM6kuh786YpAF67cqGbUtEKRanYi3Zb7ybHkblWH1rK518XWHVCfqzN_EFVfPjlo56xxGe-Me9GfigW_2EJEdHseDnSKEE_WHsa_JPITMMH4tAAm_Nmy0hqh3rHcBWNU9tL5u5ppMgicT6tgHmtghAn3bOqTr2_aGVdDKLuOpmyuhX80EyO2QlZT1ELw8BrSpNaWs.S4LVqZSlkuDU7FYXiCTG3Xp7W7NMTm6W0vpURpaICrU&dib_tag=se&keywords=playstation+5&qid=1766839738&sprefix=playstation+%2Caps%2C369&sr=8-33
Grand Theft Auto V,"2,455",4.7 out of 5 stars,https://www.amazon.in/Rockstar-Games-5026555431859-Grand-Theft/dp/B09WZ7TKNB/ref=sr_1_34?crid=302ZJMTZG1JP1&dib=eyJ2IjoiMSJ9.gmy6WzKrOTJ3AipCsj1sMQHEA4-qe2-zcexJkeAM6kuh786YpAF67cqGbUtEKRanYi3Zb7ybHkblWH1rK518XWHVCfqzN_EFVfPjlo56xxGe-Me9GfigW_2EJEdHseDnSKEE_WHsa_JPITMMH4tAAm_Nmy0hqh3rHcBWNU9tL5u5ppMgicT6tgHmtghAn3bOqTr2_aGVdDKLuOpmyuhX80EyO2QlZT1ELw8BrSpNaWs.S4LVqZSlkuDU7FYXiCTG3Xp7W7NMTm6W0vpURpaICrU&dib_tag=se&keywords=playstation+5&qid=1766839738&sprefix=playstation+%2Caps%2C369&sr=8-34
"OIVO INDIA Dust Plug for PS5,9Pcs Dust Plug Kit for PS5/PS5 Slim Console,PS5 Silicone Plugs Protector Antidust Cover Dustproof PlayStation 5 Disk/Digital Console Slim Game Accessories",279,3.9 out of 5 stars,https://www.amazon.in/OIVO-INDIA-Protector-PlayStation-Accessories/dp/B0FLD932F9/ref=sr_1_35?crid=302ZJMTZG1JP1&dib=eyJ2IjoiMSJ9.gmy6WzKrOTJ3AipCsj1sMQHEA4-qe2-zcexJkeAM6kuh786YpAF67cqGbUtEKRanYi3Zb7ybHkblWH1rK518XWHVCfqzN_EFVfPjlo56xxGe-Me9GfigW_2EJEdHseDnSKEE_WHsa_JPITMMH4tAAm_Nmy0hqh3rHcBWNU9tL5u5ppMgicT6tgHmtghAn3bOqTr2_aGVdDKLuOpmyuhX80EyO2QlZT1ELw8BrSpNaWs.S4LVqZSlkuDU7FYXiCTG3Xp7W7NMTm6W0vpURpaICrU&dib_tag=se&keywords=playstation+5&qid=1766839738&sprefix=playstation+%2Caps%2C369&sr=8-35
"NiTHO PS5/PS5 Slim/PS5 Pro Cooling Station Stand, Docking Station with Built-in 3 Level Fan, RGB LED Lights, PS5/Edge Controller Dual Charging Station, Accessories for PlayStation 5 Console","1,375",3.6 out of 5 stars,https://www.amazon.in/Cooling-Controller-Charging-Accessories-PlayStation/dp/B0FQJ7ZV7X/ref=sr_1_36?crid=302ZJMTZG1JP1&dib=eyJ2IjoiMSJ9.gmy6WzKrOTJ3AipCsj1sMQHEA4-qe2-zcexJkeAM6kuh786YpAF67cqGbUtEKRanYi3Zb7ybHkblWH1rK518XWHVCfqzN_EFVfPjlo56xxGe-Me9GfigW_2EJEdHseDnSKEE_WHsa_JPITMMH4tAAm_Nmy0hqh3rHcBWNU9tL5u5ppMgicT6tgHmtghAn3bOqTr2_aGVdDKLuOpmyuhX80EyO2QlZT1ELw8BrSpNaWs.S4LVqZSlkuDU7FYXiCTG3Xp7W7NMTm6W0vpURpaICrU&dib_tag=se&keywords=playstation+5&qid=1766839738&sprefix=playstation+%2Caps%2C369&sr=8-36
"PSS Storage Bag for PS5 Slim, Hard Travel Carrying Case Compatible for PS5 Slim, Waterproof Shoulder Bag with Both Side Compartments Travel Accessories for PS5 Slim Disk/ Digital, (Black)","1,849",4.2 out of 5 stars,https://www.amazon.in/sspa/click?ie=UTF8&spc=MTo4MDYxMjEyODMzODEyNTc0OjE3NjY4Mzk3Mzg6c3BfYnRmOjMwMDYxMTc5NDEwNzAzMjo6MDo6&url=%2FPSS-Carrying-Waterproof-Compartments-Accessories%2Fdp%2FB0DNXGHTKQ%2Fref%3Dsr_1_37_sspa%3Fcrid%3D302ZJMTZG1JP1%26dib%3DeyJ2IjoiMSJ9.gmy6WzKrOTJ3AipCsj1sMQHEA4-qe2-zcexJkeAM6kuh786YpAF67cqGbUtEKRanYi3Zb7ybHkblWH1rK518XWHVCfqzN_EFVfPjlo56xxGe-Me9GfigW_2EJEdHseDnSKEE_WHsa_JPITMMH4tAAm_Nmy0hqh3rHcBWNU9tL5u5ppMgicT6tgHmtghAn3bOqTr2_aGVdDKLuOpmyuhX80EyO2QlZT1ELw8BrSpNaWs.S4LVqZSlkuDU7FYXiCTG3Xp7W7NMTm6W0vpURpaICrU%26dib_tag%3Dse%26keywords%3Dplaystation%2B5%26qid%3D1766839738%26sprefix%3Dplaystation%2B%252Caps%252C369%26sr%3D8-37-spons%26aref%3DZuqybrLVYN%26sp_csd%3Dd2lkZ2V0TmFtZT1zcF9idGY%26psc%3D1&aref=ZuqybrLVYN&sp_cr=ZAZ
"yantralay PS5 Carrying Case Bag for PS5 Console Gamepad, Controller, Headset, VR Play Station Accessories - Travel Bag - Grey","2,449",4.6 out of 5 stars,https://www.amazon.in/sspa/click?ie=UTF8&spc=MTo4MDYxMjEyODMzODEyNTc0OjE3NjY4Mzk3Mzg6c3BfYnRmOjMwMDE2MDUzNzk3NzczMjo6MDo6&url=%2Fyantralay-Controller-Headphone-Playstation-Accessories%2Fdp%2FB0BRJMPHKL%2Fref%3Dsr_1_38_sspa%3Fcrid%3D302ZJMTZG1JP1%26dib%3DeyJ2IjoiMSJ9.gmy6WzKrOTJ3AipCsj1sMQHEA4-qe2-zcexJkeAM6kuh786YpAF67cqGbUtEKRanYi3Zb7ybHkblWH1rK518XWHVCfqzN_EFVfPjlo56xxGe-Me9GfigW_2EJEdHseDnSKEE_WHsa_JPITMMH4tAAm_Nmy0hqh3rHcBWNU9tL5u5ppMgicT6tgHmtghAn3bOqTr2_aGVdDKLuOpmyuhX80EyO2QlZT1ELw8BrSpNaWs.S4LVqZSlkuDU7FYXiCTG3Xp7W7NMTm6W0vpURpaICrU%26dib_tag%3Dse%26keywords%3Dplaystation%2B5%26qid%3D1766839738%26sprefix%3Dplaystation%2B%252Caps%252C369%26sr%3D8-38-spons%26aref%3DxEEriv2MXB%26sp_csd%3Dd2lkZ2V0TmFtZT1zcF9idGY%26psc%3D1&aref=xEEriv2MXB&sp_cr=ZAZ
"OIVO INDIA Dust Protective Cover for PS5 Slim Console Accessories Case , Anti Scratch Waterproof Sleeve Compatible for Sony PlayStation 5 Slim Digital & Disc Edition (PS5 Slim Model ONLY)",499,3.5 out of 5 stars,https://www.amazon.in/sspa/click?ie=UTF8&spc=MTozMjM1MTYxMDg4MzM5Nzk4OjE3NjY4Mzk3NDE6c3BfYXRmX25leHQ6MzAwODM2NDk4MTY0MTMyOjowOjo&url=%2FOIVO-INDIA-Protective-Accessories-PlayStation%2Fdp%2FB0G1HJKVVS%2Fref%3Dsr_1_33_sspa%3Fcrid%3D302ZJMTZG1JP1%26dib%3DeyJ2IjoiMSJ9.e6wcNNm1cgIqZir1UjIQHThldyG8TeHgjVhePdwV5j7K9tF0NEgaQQNx8_-1c8FfgxXNWHMILsJHwTmoyqVlgmY1YsfIoZ5oYzn7hRVGfVWucbfuNy8_Yx5KJmZ8-RbHK4yJEPfs5parDShl3Nt4JoPYAzhpGX-PAh9nWRuFa7qXYkr6CU5-hz-DxUSYKv8k2oSRRfkqOaOK3KWaQjxoxeigqppy-U7Imnn5_GrzsA0.Ii85yDo3_0fbf4ytLgb6sgNBJh3E0saPO_Q4iGO6YnM%26dib_tag%3Dse%26keywords%3Dplaystation%2B5%26qid%3D1766839741%26sprefix%3Dplaystation%2B%252Caps%252C369%26sr%3D8-33-spons%26aref%3D750vGdexWi%26sp_csd%3Dd2lkZ2V0TmFtZT1zcF9hdGZfbmV4dA%26psc%3D1&aref=750vGdexWi&sp_cr=ZAZ
"Sage Controllers PRO+ Controller compatible with PS5 Console & PC | Custommade Wireless PS5 Gaming Controller with 4 Back Paddles, Clicky Triggers & Bumpers | Glow in the dark - SpiderMn theme | Professional gaming controller (Pro+ with Hall Effect TMR)","14,500",,https://www.amazon.in/sspa/click?ie=UTF8&spc=MTozMjM1MTYxMDg4MzM5Nzk4OjE3NjY4Mzk3NDE6c3BfYXRmX25leHQ6MzAwODEwMzUzMDUxNjMyOjowOjo&url=%2FSage-Controllers-Controller-compatible-Custommade%2Fdp%2FB0FVMC2ZJH%2Fref%3Dsr_1_34_sspa%3Fcrid%3D302ZJMTZG1JP1%26dib%3DeyJ2IjoiMSJ9.e6wcNNm1cgIqZir1UjIQHThldyG8TeHgjVhePdwV5j7K9tF0NEgaQQNx8_-1c8FfgxXNWHMILsJHwTmoyqVlgmY1YsfIoZ5oYzn7hRVGfVWucbfuNy8_Yx5KJmZ8-RbHK4yJEPfs5parDShl3Nt4JoPYAzhpGX-PAh9nWRuFa7qXYkr6CU5-hz-DxUSYKv8k2oSRRfkqOaOK3KWaQjxoxeigqppy-U7Imnn5_GrzsA0.Ii85yDo3_0fbf4ytLgb6sgNBJh3E0saPO_Q4iGO6YnM%26dib_tag%3Dse%26keywords%3Dplaystation%2B5%26qid%3D1766839741%26sprefix%3Dplaystation%2B%252Caps%252C369%26sr%3D8-34-spons%26aref%3Dnhs1LjHO3E%26sp_csd%3Dd2lkZ2V0TmFtZT1zcF9hdGZfbmV4dA%26psc%3D1&aref=nhs1LjHO3E&sp_cr=ZAZ
"Playstation 5 DualSense Wireless Controller - God of War™ 20th Anniversary (Limited Edition), 1 Year Manufacturer Warranty","7,299",4.0 out of 5 stars,https://www.amazon.in/Playstation-DualSense-Wireless-Controller-Manufacturer/dp/B0FTGGH6W4/ref=sr_1_35?crid=302ZJMTZG1JP1&dib=eyJ2IjoiMSJ9.e6wcNNm1cgIqZir1UjIQHThldyG8TeHgjVhePdwV5j7K9tF0NEgaQQNx8_-1c8FfgxXNWHMILsJHwTmoyqVlgmY1YsfIoZ5oYzn7hRVGfVWucbfuNy8_Yx5KJmZ8-RbHK4yJEPfs5parDShl3Nt4JoPYAzhpGX-PAh9nWRuFa7qXYkr6CU5-hz-DxUSYKv8k2oSRRfkqOaOK3KWaQjxoxeigqppy-U7Imnn5_GrzsA0.Ii85yDo3_0fbf4ytLgb6sgNBJh3E0saPO_Q4iGO6YnM&dib_tag=se&keywords=playstation+5&qid=1766839741&sprefix=playstation+%2Caps%2C369&sr=8-35
"Nepagz PS 5 Slim Cooling Stand with Controller Charging Station for PS5 Slim Console(Digital/Disc), Accessories for PlayStation 5 Incl. 3 Levels Cooling Fan, 12 Pcs Game Storage, White","2,950",4.3 out of 5 stars,https://www.amazon.in/Nepagz-Slim-Stand-Console-Accessories/dp/B0CLR52SX9/ref=sr_1_36?crid=302ZJMTZG1JP1&dib=eyJ2IjoiMSJ9.e6wcNNm1cgIqZir1UjIQHThldyG8TeHgjVhePdwV5j7K9tF0NEgaQQNx8_-1c8FfgxXNWHMILsJHwTmoyqVlgmY1YsfIoZ5oYzn7hRVGfVWucbfuNy8_Yx5KJmZ8-RbHK4yJEPfs5parDShl3Nt4JoPYAzhpGX-PAh9nWRuFa7qXYkr6CU5-hz-DxUSYKv8k2oSRRfkqOaOK3KWaQjxoxeigqppy-U7Imnn5_GrzsA0.Ii85yDo3_0fbf4ytLgb6sgNBJh3E0saPO_Q4iGO6YnM&dib_tag=se&keywords=playstation+5&qid=1766839741&sprefix=playstation+%2Caps%2C369&sr=8-36
2K Mafia: The Old Country | Standard Edition | PlayStation 5,"2,949",3.4 out of 5 stars,https://www.amazon.in/2K-Mafia-Country-Standard-PlayStation/dp/B0FB8VJY2F/ref=sr_1_37?crid=302ZJMTZG1JP1&dib=eyJ2IjoiMSJ9.e6wcNNm1cgIqZir1UjIQHThldyG8TeHgjVhePdwV5j7K9tF0NEgaQQNx8_-1c8FfgxXNWHMILsJHwTmoyqVlgmY1YsfIoZ5oYzn7hRVGfVWucbfuNy8_Yx5KJmZ8-RbHK4yJEPfs5parDShl3Nt4JoPYAzhpGX-PAh9nWRuFa7qXYkr6CU5-hz-DxUSYKv8k2oSRRfkqOaOK3KWaQjxoxeigqppy-U7Imnn5_GrzsA0.Ii85yDo3_0fbf4ytLgb6sgNBJh3E0saPO_Q4iGO6YnM&dib_tag=se&keywords=playstation+5&qid=1766839741&sprefix=playstation+%2Caps%2C369&sr=8-37
Solutions 2 Go HITMAN: World of Assassination Ps5 (PlayStation 5),"3,148",4.5 out of 5 stars,https://www.amazon.in/HITMAN-World-Assassination-Ps5-PlayStation/dp/B0CBVX15N5/ref=sr_1_38?crid=302ZJMTZG1JP1&dib=eyJ2IjoiMSJ9.e6wcNNm1cgIqZir1UjIQHThldyG8TeHgjVhePdwV5j7K9tF0NEgaQQNx8_-1c8FfgxXNWHMILsJHwTmoyqVlgmY1YsfIoZ5oYzn7hRVGfVWucbfuNy8_Yx5KJmZ8-RbHK4yJEPfs5parDShl3Nt4JoPYAzhpGX-PAh9nWRuFa7qXYkr6CU5-hz-DxUSYKv8k2oSRRfkqOaOK3KWaQjxoxeigqppy-U7Imnn5_GrzsA0.Ii85yDo3_0fbf4ytLgb6sgNBJh3E0saPO_Q4iGO6YnM&dib_tag=se&keywords=playstation+5&qid=1766839741&sprefix=playstation+%2Caps%2C369&sr=8-38
"OIVO INDIA Dust Protective Cover for PS5 Slim Console Accessories Case , Anti Scratch Waterproof Sleeve Compatible for Sony PlayStation 5 Slim Digital & Disc Edition (PS5 Slim Model ONLY)",499,3.5 out of 5 stars,https://www.amazon.in/OIVO-INDIA-Protective-Accessories-PlayStation/dp/B0G1HJKVVS/ref=sr_1_39?crid=302ZJMTZG1JP1&dib=eyJ2IjoiMSJ9.e6wcNNm1cgIqZir1UjIQHThldyG8TeHgjVhePdwV5j7K9tF0NEgaQQNx8_-1c8FfgxXNWHMILsJHwTmoyqVlgmY1YsfIoZ5oYzn7hRVGfVWucbfuNy8_Yx5KJmZ8-RbHK4yJEPfs5parDShl3Nt4JoPYAzhpGX-PAh9nWRuFa7qXYkr6CU5-hz-DxUSYKv8k2oSRRfkqOaOK3KWaQjxoxeigqppy-U7Imnn5_GrzsA0.Ii85yDo3_0fbf4ytLgb6sgNBJh3E0saPO_Q4iGO6YnM&dib_tag=se&keywords=playstation+5&qid=1766839741&sprefix=playstation+%2Caps%2C369&sr=8-39
"OIVO INDIA Dust Protective Cover for PS5 Console Accessories Case, Anti Scratch Waterproof Sleeve Compatible for Sony PlayStation 5 Digital & Disc Edition (NOT for PS5 Slim and PRO)",499,4.1 out of 5 stars,https://www.amazon.in/OIVO-INDIA-Protective-Accessories-PlayStation/dp/B0FL1Z7N2W/ref=sr_1_40?crid=302ZJMTZG1JP1&dib=eyJ2IjoiMSJ9.e6wcNNm1cgIqZir1UjIQHThldyG8TeHgjVhePdwV5j7K9tF0NEgaQQNx8_-1c8FfgxXNWHMILsJHwTmoyqVlgmY1YsfIoZ5oYzn7hRVGfVWucbfuNy8_Yx5KJmZ8-RbHK4yJEPfs5parDShl3Nt4JoPYAzhpGX-PAh9nWRuFa7qXYkr6CU5-hz-DxUSYKv8k2oSRRfkqOaOK3KWaQjxoxeigqppy-U7Imnn5_GrzsA0.Ii85yDo3_0fbf4ytLgb6sgNBJh3E0saPO_Q4iGO6YnM&dib_tag=se&keywords=playstation+5&qid=1766839741&sprefix=playstation+%2Caps%2C369&sr=8-40
"New World Upgraded for PS5 Controller Charger, for PlayStation 5 Controller Charging Station with LED Indicator, High Speed, Fast Charging Dock for PS5 Controller, White",899,4.0 out of 5 stars,https://www.amazon.in/New-World-Controller-Playstation-Indicator/dp/B096YK33BD/ref=sr_1_41?crid=302ZJMTZG1JP1&dib=eyJ2IjoiMSJ9.e6wcNNm1cgIqZir1UjIQHThldyG8TeHgjVhePdwV5j7K9tF0NEgaQQNx8_-1c8FfgxXNWHMILsJHwTmoyqVlgmY1YsfIoZ5oYzn7hRVGfVWucbfuNy8_Yx5KJmZ8-RbHK4yJEPfs5parDShl3Nt4JoPYAzhpGX-PAh9nWRuFa7qXYkr6CU5-hz-DxUSYKv8k2oSRRfkqOaOK3KWaQjxoxeigqppy-U7Imnn5_GrzsA0.Ii85yDo3_0fbf4ytLgb6sgNBJh3E0saPO_Q4iGO6YnM&dib_tag=se&keywords=playstation+5&qid=1766839741&sprefix=playstation+%2Caps%2C369&sr=8-41
"Meyaar G.S.TAC PS5 Controller Skin Set, Anti-Slip Silicone Protective Cover & Skin Case for PS5 Wireless Controller with 2 Thumb Grip and 2 Stickers for PlayStation 5 DualSense Control (Desert Yellow)","1,299",4.2 out of 5 stars,https://www.amazon.in/Meyaar-Controller-Protective-Case-PlayStation/dp/B0FB5GWNPQ/ref=sr_1_42?crid=302ZJMTZG1JP1&dib=eyJ2IjoiMSJ9.e6wcNNm1cgIqZir1UjIQHThldyG8TeHgjVhePdwV5j7K9tF0NEgaQQNx8_-1c8FfgxXNWHMILsJHwTmoyqVlgmY1YsfIoZ5oYzn7hRVGfVWucbfuNy8_Yx5KJmZ8-RbHK4yJEPfs5parDShl3Nt4JoPYAzhpGX-PAh9nWRuFa7qXYkr6CU5-hz-DxUSYKv8k2oSRRfkqOaOK3KWaQjxoxeigqppy-U7Imnn5_GrzsA0.Ii85yDo3_0fbf4ytLgb6sgNBJh3E0saPO_Q4iGO6YnM&dib_tag=se&keywords=playstation+5&qid=1766839741&sprefix=playstation+%2Caps%2C369&sr=8-42
"Sage Controllers PRO+ Controller compatible with PS5 Console & PC | Custommade Wireless PS5 Gaming Controller with 4 Back Paddles, Clicky Triggers & Bumpers | Monkey d Luffy | Professional gaming controller","11,700",5.0 out of 5 stars,https://www.amazon.in/sspa/click?ie=UTF8&spc=MTozMjM1MTYxMDg4MzM5Nzk4OjE3NjY4Mzk3NDE6c3BfbXRmOjMwMDgxMDM1MzA1MTEzMjo6MDo6&url=%2FSage-Controllers-Controller-compatible-Professional%2Fdp%2FB09XJDF19K%2Fref%3Dsr_1_43_sspa%3Fcrid%3D302ZJMTZG1JP1%26dib%3DeyJ2IjoiMSJ9.e6wcNNm1cgIqZir1UjIQHThldyG8TeHgjVhePdwV5j7K9tF0NEgaQQNx8_-1c8FfgxXNWHMILsJHwTmoyqVlgmY1YsfIoZ5oYzn7hRVGfVWucbfuNy8_Yx5KJmZ8-RbHK4yJEPfs5parDShl3Nt4JoPYAzhpGX-PAh9nWRuFa7qXYkr6CU5-hz-DxUSYKv8k2oSRRfkqOaOK3KWaQjxoxeigqppy-U7Imnn5_GrzsA0.Ii85yDo3_0fbf4ytLgb6sgNBJh3E0saPO_Q4iGO6YnM%26dib_tag%3Dse%26keywords%3Dplaystation%2B5%26qid%3D1766839741%26sprefix%3Dplaystation%2B%252Caps%252C369%26sr%3D8-43-spons%26aref%3DTZNp6TCQ71%26sp_csd%3Dd2lkZ2V0TmFtZT1zcF9tdGY%26psc%3D1&aref=TZNp6TCQ71&sp_cr=ZAZ
"Sage Controllers PRO+ Controller compatible with PS5 Console & PC | Custommade Wireless PS5 Gaming Controller with 4 Back Paddles, Clicky Triggers & Bumpers | Spider M Theme | Professional gaming controller (Pro+ with Hall Effect TMR)","14,000",5.0 out of 5 stars,https://www.amazon.in/sspa/click?ie=UTF8&spc=MTozMjM1MTYxMDg4MzM5Nzk4OjE3NjY4Mzk3NDE6c3BfbXRmOjMwMDgxMDM1MzA1MTUzMjo6MDo6&url=%2FSage-Controllers-Pro-Hall-Effect%2Fdp%2FB0FVMCMDWR%2Fref%3Dsr_1_44_sspa%3Fcrid%3D302ZJMTZG1JP1%26dib%3DeyJ2IjoiMSJ9.e6wcNNm1cgIqZir1UjIQHThldyG8TeHgjVhePdwV5j7K9tF0NEgaQQNx8_-1c8FfgxXNWHMILsJHwTmoyqVlgmY1YsfIoZ5oYzn7hRVGfVWucbfuNy8_Yx5KJmZ8-RbHK4yJEPfs5parDShl3Nt4JoPYAzhpGX-PAh9nWRuFa7qXYkr6CU5-hz-DxUSYKv8k2oSRRfkqOaOK3KWaQjxoxeigqppy-U7Imnn5_GrzsA0.Ii85yDo3_0fbf4ytLgb6sgNBJh3E0saPO_Q4iGO6YnM%26dib_tag%3Dse%26keywords%3Dplaystation%2B5%26qid%3D1766839741%26sprefix%3Dplaystation%2B%252Caps%252C369%26sr%3D8-44-spons%26aref%3DwbrKJRwOKb%26sp_csd%3Dd2lkZ2V0TmFtZT1zcF9tdGY%26psc%3D1&aref=wbrKJRwOKb&sp_cr=ZAZ
"ZORBES® Desk Stand for PS5 Slim/Pro Console,Horizontal Stand for PS5 Slim/Pro Console,Anti-Slip Base Accessories PlayStation 5 Slim//Pro Digital & Ultra-HD Edition No l Included",759,4.4 out of 5 stars,https://www.amazon.in/Horizontal-Anti-Slip-Accessories-Playstation-Ultra-HD/dp/B0CWH7FCFX/ref=sr_1_45?crid=302ZJMTZG1JP1&dib=eyJ2IjoiMSJ9.e6wcNNm1cgIqZir1UjIQHThldyG8TeHgjVhePdwV5j7K9tF0NEgaQQNx8_-1c8FfgxXNWHMILsJHwTmoyqVlgmY1YsfIoZ5oYzn7hRVGfVWucbfuNy8_Yx5KJmZ8-RbHK4yJEPfs5parDShl3Nt4JoPYAzhpGX-PAh9nWRuFa7qXYkr6CU5-hz-DxUSYKv8k2oSRRfkqOaOK3KWaQjxoxeigqppy-U7Imnn5_GrzsA0.Ii85yDo3_0fbf4ytLgb6sgNBJh3E0saPO_Q4iGO6YnM&dib_tag=se&keywords=playstation+5&qid=1766839741&sprefix=playstation+%2Caps%2C369&sr=8-45
U&I Entertainment Minecraft | Standard Edition | PlayStation 5,"3,990",4.7 out of 5 stars,https://www.amazon.in/Entertainment-Minecraft-Standard-PlayStation/dp/B0DJ91SXXY/ref=sr_1_46?crid=302ZJMTZG1JP1&dib=eyJ2IjoiMSJ9.e6wcNNm1cgIqZir1UjIQHThldyG8TeHgjVhePdwV5j7K9tF0NEgaQQNx8_-1c8FfgxXNWHMILsJHwTmoyqVlgmY1YsfIoZ5oYzn7hRVGfVWucbfuNy8_Yx5KJmZ8-RbHK4yJEPfs5parDShl3Nt4JoPYAzhpGX-PAh9nWRuFa7qXYkr6CU5-hz-DxUSYKv8k2oSRRfkqOaOK3KWaQjxoxeigqppy-U7Imnn5_GrzsA0.Ii85yDo3_0fbf4ytLgb6sgNBJh3E0saPO_Q4iGO6YnM&dib_tag=se&keywords=playstation+5&qid=1766839741&sprefix=playstation+%2Caps%2C369&sr=8-46
Resident Evil Requiem | Standard Edition | PlayStation 5,"4,999",,https://www.amazon.in/Resident-Evil-Requiem-Standard-PlayStation/dp/B0G433389V/ref=sr_1_47?crid=302ZJMTZG1JP1&dib=eyJ2IjoiMSJ9.e6wcNNm1cgIqZir1UjIQHThldyG8TeHgjVhePdwV5j7K9tF0NEgaQQNx8_-1c8FfgxXNWHMILsJHwTmoyqVlgmY1YsfIoZ5oYzn7hRVGfVWucbfuNy8_Yx5KJmZ8-RbHK4yJEPfs5parDShl3Nt4JoPYAzhpGX-PAh9nWRuFa7qXYkr6CU5-hz-DxUSYKv8k2oSRRfkqOaOK3KWaQjxoxeigqppy-U7Imnn5_GrzsA0.Ii85yDo3_0fbf4ytLgb6sgNBJh3E0saPO_Q4iGO6YnM&dib_tag=se&keywords=playstation+5&qid=1766839741&sprefix=playstation+%2Caps%2C369&sr=8-47
Elden Ring Nightreign | Standard Edition | PlayStation 5,"2,301",5.0 out of 5 stars,https://www.amazon.in/Elden-Ring-Nightreign-Standard-PlayStation/dp/B0DYYJPKKK/ref=sr_1_48?crid=302ZJMTZG1JP1&dib=eyJ2IjoiMSJ9.e6wcNNm1cgIqZir1UjIQHThldyG8TeHgjVhePdwV5j7K9tF0NEgaQQNx8_-1c8FfgxXNWHMILsJHwTmoyqVlgmY1YsfIoZ5oYzn7hRVGfVWucbfuNy8_Yx5KJmZ8-RbHK4yJEPfs5parDShl3Nt4JoPYAzhpGX-PAh9nWRuFa7qXYkr6CU5-hz-DxUSYKv8k2oSRRfkqOaOK3KWaQjxoxeigqppy-U7Imnn5_GrzsA0.Ii85yDo3_0fbf4ytLgb6sgNBJh3E0saPO_Q4iGO6YnM&dib_tag=se&keywords=playstation+5&qid=1766839741&sprefix=playstation+%2Caps%2C369&sr=8-48
Demon Slayer -Kimetsu no Yaiba- The Hinokami Chronicles 2 | Standard Edition | PlayStation 5,"3,603",,https://www.amazon.in/Kimetsu-Hinokami-Chronicles-Standard-PlayStation/dp/B0FB8Q3H82/ref=sr_1_49?crid=302ZJMTZG1JP1&dib=eyJ2IjoiMSJ9.e6wcNNm1cgIqZir1UjIQHThldyG8TeHgjVhePdwV5j7K9tF0NEgaQQNx8_-1c8FfgxXNWHMILsJHwTmoyqVlgmY1YsfIoZ5oYzn7hRVGfVWucbfuNy8_Yx5KJmZ8-RbHK4yJEPfs5parDShl3Nt4JoPYAzhpGX-PAh9nWRuFa7qXYkr6CU5-hz-DxUSYKv8k2oSRRfkqOaOK3KWaQjxoxeigqppy-U7Imnn5_GrzsA0.Ii85yDo3_0fbf4ytLgb6sgNBJh3E0saPO_Q4iGO6YnM&dib_tag=se&keywords=playstation+5&qid=1766839741&sprefix=playstation+%2Caps%2C369&sr=8-49
"TecoKart® PS5 Cover – Dust Proof Protective PS5 Dust Cover, Scratch Resistant PS5 Slim Cover for PlayStation 5 Console, Console Covers Sleeve for PlayStation5 Accessories Digital Edition & Disc Edition, Grey Gaming Accessory",398,1.0 out of 5 stars,https://www.amazon.in/TecoKart%C2%AE-PS5-Cover-PlayStation-PlayStation5/dp/B0G19V4PWP/ref=sr_1_50?crid=302ZJMTZG1JP1&dib=eyJ2IjoiMSJ9.e6wcNNm1cgIqZir1UjIQHThldyG8TeHgjVhePdwV5j7K9tF0NEgaQQNx8_-1c8FfgxXNWHMILsJHwTmoyqVlgmY1YsfIoZ5oYzn7hRVGfVWucbfuNy8_Yx5KJmZ8-RbHK4yJEPfs5parDShl3Nt4JoPYAzhpGX-PAh9nWRuFa7qXYkr6CU5-hz-DxUSYKv8k2oSRRfkqOaOK3KWaQjxoxeigqppy-U7Imnn5_GrzsA0.Ii85yDo3_0fbf4ytLgb6sgNBJh3E0saPO_Q4iGO6YnM&dib_tag=se&keywords=playstation+5&qid=1766839741&sprefix=playstation+%2Caps%2C369&sr=8-50
"PSS Hard Carrying Case Storage Bag for PS5, Travel Bag Compatible for Play/Station 5 Console Disk Digital & 2 Controller, Stand, Cable, Waterproof and Shockproof Nylon Fabric (PS5 Accessories)","1,949",4.2 out of 5 stars,https://www.amazon.in/PSS-Compatible-Controller-Waterproof-Accessories/dp/B0D7YV97Z6/ref=sr_1_51?crid=302ZJMTZG1JP1&dib=eyJ2IjoiMSJ9.e6wcNNm1cgIqZir1UjIQHThldyG8TeHgjVhePdwV5j7K9tF0NEgaQQNx8_-1c8FfgxXNWHMILsJHwTmoyqVlgmY1YsfIoZ5oYzn7hRVGfVWucbfuNy8_Yx5KJmZ8-RbHK4yJEPfs5parDShl3Nt4JoPYAzhpGX-PAh9nWRuFa7qXYkr6CU5-hz-DxUSYKv8k2oSRRfkqOaOK3KWaQjxoxeigqppy-U7Imnn5_GrzsA0.Ii85yDo3_0fbf4ytLgb6sgNBJh3E0saPO_Q4iGO6YnM&dib_tag=se&keywords=playstation+5&qid=1766839741&sprefix=playstation+%2Caps%2C369&sr=8-51
Vertical Dust Cover For PS5 games Console Dust Guard With Back Cable Port For Playstation 5 Console Digital & Disk Version Protects from Dust Water and Scratches – (Black MDPS5VC-101),249,4.1 out of 5 stars,https://www.amazon.in/MAINDAIS-Vertical-Playstation-Protects-Scratches/dp/B0DG8QBTVZ/ref=sr_1_52?crid=302ZJMTZG1JP1&dib=eyJ2IjoiMSJ9.e6wcNNm1cgIqZir1UjIQHThldyG8TeHgjVhePdwV5j7K9tF0NEgaQQNx8_-1c8FfgxXNWHMILsJHwTmoyqVlgmY1YsfIoZ5oYzn7hRVGfVWucbfuNy8_Yx5KJmZ8-RbHK4yJEPfs5parDShl3Nt4JoPYAzhpGX-PAh9nWRuFa7qXYkr6CU5-hz-DxUSYKv8k2oSRRfkqOaOK3KWaQjxoxeigqppy-U7Imnn5_GrzsA0.Ii85yDo3_0fbf4ytLgb6sgNBJh3E0saPO_Q4iGO6YnM&dib_tag=se&keywords=playstation+5&qid=1766839741&sprefix=playstation+%2Caps%2C369&sr=8-52
"GeekShare G.S.TAC Tactical PS5 Controller Skin Set, Anti-Slip Silicone Protective Cover Skin Case for PS5 Wireless Controller with 2 Thumb Grip Caps and 2 Stickers - for Black Myth: Wukong","1,520",4.5 out of 5 stars,https://www.amazon.in/sspa/click?ie=UTF8&spc=MTozMjM1MTYxMDg4MzM5Nzk4OjE3NjY4Mzk3NDE6c3BfYnRmOjMwMDc3ODEyOTU2MDAzMjo6MDo6&url=%2FGeekShare-PS5-Controller-Anti-Slip-Protective%2Fdp%2FB0D5X8HXLK%2Fref%3Dsr_1_53_sspa%3Fcrid%3D302ZJMTZG1JP1%26dib%3DeyJ2IjoiMSJ9.e6wcNNm1cgIqZir1UjIQHThldyG8TeHgjVhePdwV5j7K9tF0NEgaQQNx8_-1c8FfgxXNWHMILsJHwTmoyqVlgmY1YsfIoZ5oYzn7hRVGfVWucbfuNy8_Yx5KJmZ8-RbHK4yJEPfs5parDShl3Nt4JoPYAzhpGX-PAh9nWRuFa7qXYkr6CU5-hz-DxUSYKv8k2oSRRfkqOaOK3KWaQjxoxeigqppy-U7Imnn5_GrzsA0.Ii85yDo3_0fbf4ytLgb6sgNBJh3E0saPO_Q4iGO6YnM%26dib_tag%3Dse%26keywords%3Dplaystation%2B5%26qid%3D1766839741%26sprefix%3Dplaystation%2B%252Caps%252C369%26sr%3D8-53-spons%26aref%3DIfZb3NmQzB%26sp_csd%3Dd2lkZ2V0TmFtZT1zcF9idGY%26psc%3D1&aref=IfZb3NmQzB&sp_cr=ZAZ
"Oivo Chamunda PS5 Horizontal Stand - Accessories Base Compatible With PlayStation 5 Console Disc & Digital Editions, Upgraded Desk Stand With Screw Fixing (White)",999,4.5 out of 5 stars,https://www.amazon.in/sspa/click?ie=UTF8&spc=MTozMjM1MTYxMDg4MzM5Nzk4OjE3NjY4Mzk3NDE6c3BfYnRmOjMwMDc4MDUwNzk0NjIzMjo6MDo6&url=%2FOIVO-Horizontal-Accessories-Compatible-Playstation%2Fdp%2FB09KLKJSQM%2Fref%3Dsr_1_54_sspa%3Fcrid%3D302ZJMTZG1JP1%26dib%3DeyJ2IjoiMSJ9.e6wcNNm1cgIqZir1UjIQHThldyG8TeHgjVhePdwV5j7K9tF0NEgaQQNx8_-1c8FfgxXNWHMILsJHwTmoyqVlgmY1YsfIoZ5oYzn7hRVGfVWucbfuNy8_Yx5KJmZ8-RbHK4yJEPfs5parDShl3Nt4JoPYAzhpGX-PAh9nWRuFa7qXYkr6CU5-hz-DxUSYKv8k2oSRRfkqOaOK3KWaQjxoxeigqppy-U7Imnn5_GrzsA0.Ii85yDo3_0fbf4ytLgb6sgNBJh3E0saPO_Q4iGO6YnM%26dib_tag%3Dse%26keywords%3Dplaystation%2B5%26qid%3D1766839741%26sprefix%3Dplaystation%2B%252Caps%252C369%26sr%3D8-54-spons%26aref%3D39N5eFrNrX%26sp_csd%3Dd2lkZ2V0TmFtZT1zcF9idGY%26psc%3D1&aref=39N5eFrNrX&sp_cr=ZAZ
"Sage Controllers PRO+ Controller compatible with PS5 Console & PC | Custommade Wireless PS5 Gaming Controller with 4 Back Paddles, Clicky Triggers & Bumpers | Glow in the dark - SpiderMn theme | Professional gaming controller (Pro+ with Hall Effect TMR)","14,500",,https://www.amazon.in/sspa/click?ie=UTF8&spc=MTo2MjYyNjU5NjY0OTExNzI6MTc2NjgzOTc0NDpzcF9hdGZfbmV4dDozMDA4MTAzNTMwNTE2MzI6OjA6Og&url=%2FSage-Controllers-Controller-compatible-Custommade%2Fdp%2FB0FVMC2ZJH%2Fref%3Dsr_1_49_sspa%3Fcrid%3D302ZJMTZG1JP1%26dib%3DeyJ2IjoiMSJ9.mHv_Epoz9tLoBg_tEHoJxcwfVEHCWkuhSXc_ip_7B-9pN5ihY8JwfNHiPe_mVJLYAoawGnzJHfktOoAzTxTlHNzJTJAqJt2Jg-W-z0bSKeTd5tWaD14TydrJ9XGU_gsZNHKwtx5v2K1IUoyKRQgvP39gIHtnxWbTrQyJJkCOKof3EPk4rDwhqe5qQ11SKuIPxRtS5HYEUSIShCR967_CXa3q69C5GlsxccYh_xUpCzc.z1xhUfdfeFUqXYUGld0DBxwzi4JkX8w5O2fOsHIT7l4%26dib_tag%3Dse%26keywords%3Dplaystation%2B5%26qid%3D1766839744%26sprefix%3Dplaystation%2B%252Caps%252C369%26sr%3D8-49-spons%26aref%3Dnhs1LjHO3E%26sp_csd%3Dd2lkZ2V0TmFtZT1zcF9hdGZfbmV4dA%26psc%3D1&aref=nhs1LjHO3E&sp_cr=ZAZ
"Sage Controllers PRO+ Controller compatible with PS5 Console & PC | Custommade Wireless PS5 Gaming Controller with 4 Back Paddles, Clicky Triggers & Bumpers | Monkey d Luffy | Professional gaming controller","11,700",5.0 out of 5 stars,https://www.amazon.in/sspa/click?ie=UTF8&spc=MTo2MjYyNjU5NjY0OTExNzI6MTc2NjgzOTc0NDpzcF9hdGZfbmV4dDozMDA4MTAzNTMwNTExMzI6OjA6Og&url=%2FSage-Controllers-Controller-compatible-Professional%2Fdp%2FB09XJDF19K%2Fref%3Dsr_1_50_sspa%3Fcrid%3D302ZJMTZG1JP1%26dib%3DeyJ2IjoiMSJ9.mHv_Epoz9tLoBg_tEHoJxcwfVEHCWkuhSXc_ip_7B-9pN5ihY8JwfNHiPe_mVJLYAoawGnzJHfktOoAzTxTlHNzJTJAqJt2Jg-W-z0bSKeTd5tWaD14TydrJ9XGU_gsZNHKwtx5v2K1IUoyKRQgvP39gIHtnxWbTrQyJJkCOKof3EPk4rDwhqe5qQ11SKuIPxRtS5HYEUSIShCR967_CXa3q69C5GlsxccYh_xUpCzc.z1xhUfdfeFUqXYUGld0DBxwzi4JkX8w5O2fOsHIT7l4%26dib_tag%3Dse%26keywords%3Dplaystation%2B5%26qid%3D1766839744%26sprefix%3Dplaystation%2B%252Caps%252C369%26sr%3D8-50-spons%26aref%3DTZNp6TCQ71%26sp_csd%3Dd2lkZ2V0TmFtZT1zcF9hdGZfbmV4dA%26psc%3D1&aref=TZNp6TCQ71&sp_cr=ZAZ
"Sounce Premium Hard Shell Travel Briefcase for PS5 Console – Shockproof & Waterproof Carrying Case for PlayStation 5 with 2-Tier Storage, Shoulder Strap – Fits Console, Controllers Accessories – Black","1,999",4.4 out of 5 stars,https://www.amazon.in/Sounce-Premium-Travel-Briefcase-Console/dp/B0F91N6WQK/ref=sr_1_51?crid=302ZJMTZG1JP1&dib=eyJ2IjoiMSJ9.mHv_Epoz9tLoBg_tEHoJxcwfVEHCWkuhSXc_ip_7B-9pN5ihY8JwfNHiPe_mVJLYAoawGnzJHfktOoAzTxTlHNzJTJAqJt2Jg-W-z0bSKeTd5tWaD14TydrJ9XGU_gsZNHKwtx5v2K1IUoyKRQgvP39gIHtnxWbTrQyJJkCOKof3EPk4rDwhqe5qQ11SKuIPxRtS5HYEUSIShCR967_CXa3q69C5GlsxccYh_xUpCzc.z1xhUfdfeFUqXYUGld0DBxwzi4JkX8w5O2fOsHIT7l4&dib_tag=se&keywords=playstation+5&qid=1766839744&sprefix=playstation+%2Caps%2C369&sr=8-51
"FEDUS 5 Meter 2 Pin Power Cable Cord Universal Replacement AC Power Cord Wire for Samsung tv Sony tv,Power Cable Original LED TV, Printer, Play Station, Laptop PC Notebook Computer, Tape Recorder",299,4.3 out of 5 stars,https://www.amazon.in/FEDUS-Universal-Replacement-Original-Notebook/dp/B0FBNF5XFG/ref=sr_1_52?crid=302ZJMTZG1JP1&dib=eyJ2IjoiMSJ9.mHv_Epoz9tLoBg_tEHoJxcwfVEHCWkuhSXc_ip_7B-9pN5ihY8JwfNHiPe_mVJLYAoawGnzJHfktOoAzTxTlHNzJTJAqJt2Jg-W-z0bSKeTd5tWaD14TydrJ9XGU_gsZNHKwtx5v2K1IUoyKRQgvP39gIHtnxWbTrQyJJkCOKof3EPk4rDwhqe5qQ11SKuIPxRtS5HYEUSIShCR967_CXa3q69C5GlsxccYh_xUpCzc.z1xhUfdfeFUqXYUGld0DBxwzi4JkX8w5O2fOsHIT7l4&dib_tag=se&keywords=playstation+5&qid=1766839744&sprefix=playstation+%2Caps%2C369&sr=8-52
"Meyaar Anti-Slip PS5 Controller Skin, PS5 Controller Accessories, Non-Slip Silicone PS5 5 Controller Cover Case with Thumb Grip Caps, Touch Pad Sticker and Cover Wrap Stickers (Pack of 2)",749,4.3 out of 5 stars,https://www.amazon.in/Meyaar-Anti-Slip-Controller-Accessories-Non-Slip/dp/B0F9VLQ7B9/ref=sr_1_53?crid=302ZJMTZG1JP1&dib=eyJ2IjoiMSJ9.mHv_Epoz9tLoBg_tEHoJxcwfVEHCWkuhSXc_ip_7B-9pN5ihY8JwfNHiPe_mVJLYAoawGnzJHfktOoAzTxTlHNzJTJAqJt2Jg-W-z0bSKeTd5tWaD14TydrJ9XGU_gsZNHKwtx5v2K1IUoyKRQgvP39gIHtnxWbTrQyJJkCOKof3EPk4rDwhqe5qQ11SKuIPxRtS5HYEUSIShCR967_CXa3q69C5GlsxccYh_xUpCzc.z1xhUfdfeFUqXYUGld0DBxwzi4JkX8w5O2fOsHIT7l4&dib_tag=se&keywords=playstation+5&qid=1766839744&sprefix=playstation+%2Caps%2C369&sr=8-53
"OIVO INDIA Vertical High Stability Non-Slip Base Perfect Stand for PS5 Slim/Fat Console, Improved Heat Dissipation Gaming Accessories for PlayStation 5 Support All Model (PS5 Stand All Model)",675,5.0 out of 5 stars,https://www.amazon.in/OIVO-INDIA-Dissipation-Accessories-PlayStation/dp/B0FLJK87RH/ref=sr_1_54?crid=302ZJMTZG1JP1&dib=eyJ2IjoiMSJ9.mHv_Epoz9tLoBg_tEHoJxcwfVEHCWkuhSXc_ip_7B-9pN5ihY8JwfNHiPe_mVJLYAoawGnzJHfktOoAzTxTlHNzJTJAqJt2Jg-W-z0bSKeTd5tWaD14TydrJ9XGU_gsZNHKwtx5v2K1IUoyKRQgvP39gIHtnxWbTrQyJJkCOKof3EPk4rDwhqe5qQ11SKuIPxRtS5HYEUSIShCR967_CXa3q69C5GlsxccYh_xUpCzc.z1xhUfdfeFUqXYUGld0DBxwzi4JkX8w5O2fOsHIT7l4&dib_tag=se&keywords=playstation+5&qid=1766839744&sprefix=playstation+%2Caps%2C369&sr=8-54
"OIVO INDIA Dust Protective Cover for PS5 Slim Console Accessories Case , Anti Scratch Waterproof Sleeve Compatible for Sony PlayStation 5 Slim Digital & Disc Edition (PS5 Slim Model ONLY)",499,3.5 out of 5 stars,https://www.amazon.in/OIVO-INDIA-Protective-Accessories-PlayStation/dp/B0G1HJKVVS/ref=sr_1_55?crid=302ZJMTZG1JP1&dib=eyJ2IjoiMSJ9.mHv_Epoz9tLoBg_tEHoJxcwfVEHCWkuhSXc_ip_7B-9pN5ihY8JwfNHiPe_mVJLYAoawGnzJHfktOoAzTxTlHNzJTJAqJt2Jg-W-z0bSKeTd5tWaD14TydrJ9XGU_gsZNHKwtx5v2K1IUoyKRQgvP39gIHtnxWbTrQyJJkCOKof3EPk4rDwhqe5qQ11SKuIPxRtS5HYEUSIShCR967_CXa3q69C5GlsxccYh_xUpCzc.z1xhUfdfeFUqXYUGld0DBxwzi4JkX8w5O2fOsHIT7l4&dib_tag=se&keywords=playstation+5&qid=1766839744&sprefix=playstation+%2Caps%2C369&sr=8-55
Resident Evil Requiem | Standard Edition | PlayStation 5,"4,999",,https://www.amazon.in/Resident-Evil-Requiem-Standard-PlayStation/dp/B0G433389V/ref=sr_1_56?crid=302ZJMTZG1JP1&dib=eyJ2IjoiMSJ9.mHv_Epoz9tLoBg_tEHoJxcwfVEHCWkuhSXc_ip_7B-9pN5ihY8JwfNHiPe_mVJLYAoawGnzJHfktOoAzTxTlHNzJTJAqJt2Jg-W-z0bSKeTd5tWaD14TydrJ9XGU_gsZNHKwtx5v2K1IUoyKRQgvP39gIHtnxWbTrQyJJkCOKof3EPk4rDwhqe5qQ11SKuIPxRtS5HYEUSIShCR967_CXa3q69C5GlsxccYh_xUpCzc.z1xhUfdfeFUqXYUGld0DBxwzi4JkX8w5O2fOsHIT7l4&dib_tag=se&keywords=playstation+5&qid=1766839744&sprefix=playstation+%2Caps%2C369&sr=8-56
"New World For PS5 / PS5 Slim Stand and Cooling Station with RGB LED ,Controller Charging Station for PlayStation 5 Console, PS Portal Charging Dock, Accessories for PS5 / PS5 Slim","2,379.09",4.0 out of 5 stars,https://www.amazon.in/New-World-Controller-PlayStation-Accessories/dp/B0DFYDC4V2/ref=sr_1_57?crid=302ZJMTZG1JP1&dib=eyJ2IjoiMSJ9.mHv_Epoz9tLoBg_tEHoJxcwfVEHCWkuhSXc_ip_7B-9pN5ihY8JwfNHiPe_mVJLYAoawGnzJHfktOoAzTxTlHNzJTJAqJt2Jg-W-z0bSKeTd5tWaD14TydrJ9XGU_gsZNHKwtx5v2K1IUoyKRQgvP39gIHtnxWbTrQyJJkCOKof3EPk4rDwhqe5qQ11SKuIPxRtS5HYEUSIShCR967_CXa3q69C5GlsxccYh_xUpCzc.z1xhUfdfeFUqXYUGld0DBxwzi4JkX8w5O2fOsHIT7l4&dib_tag=se&keywords=playstation+5&qid=1766839744&sprefix=playstation+%2Caps%2C369&sr=8-57
"Meyaar FPS Freek Galaxy Joystick Cap Cover for PlayStation 4 (PS4) and PlayStation 5 (PS5) | Performance Thumbsticks for PS5 & PS4 Joystick Cover Cap | 1 High-Rise, 1 Mid-Rise (Black)",379,4.4 out of 5 stars,https://www.amazon.in/Meyaar-PlayStation-Performance-Thumbsticks-High-Rise/dp/B0F9669VMF/ref=sr_1_58?crid=302ZJMTZG1JP1&dib=eyJ2IjoiMSJ9.mHv_Epoz9tLoBg_tEHoJxcwfVEHCWkuhSXc_ip_7B-9pN5ihY8JwfNHiPe_mVJLYAoawGnzJHfktOoAzTxTlHNzJTJAqJt2Jg-W-z0bSKeTd5tWaD14TydrJ9XGU_gsZNHKwtx5v2K1IUoyKRQgvP39gIHtnxWbTrQyJJkCOKof3EPk4rDwhqe5qQ11SKuIPxRtS5HYEUSIShCR967_CXa3q69C5GlsxccYh_xUpCzc.z1xhUfdfeFUqXYUGld0DBxwzi4JkX8w5O2fOsHIT7l4&dib_tag=se&keywords=playstation+5&qid=1766839744&sprefix=playstation+%2Caps%2C369&sr=8-58
"PSS Storage Bag for PS5 Slim, Hard Travel Carrying Case Compatible for PS5 Slim, Waterproof Shoulder Bag with Both Side Compartments Travel Accessories for PS5 Slim Disk/ Digital, (Black)","1,849",4.2 out of 5 stars,https://www.amazon.in/sspa/click?ie=UTF8&spc=MTo2MjYyNjU5NjY0OTExNzI6MTc2NjgzOTc0NDpzcF9tdGY6MzAwNjExNzk0MTA3MDMyOjowOjo&url=%2FPSS-Carrying-Waterproof-Compartments-Accessories%2Fdp%2FB0DNXGHTKQ%2Fref%3Dsr_1_59_sspa%3Fcrid%3D302ZJMTZG1JP1%26dib%3DeyJ2IjoiMSJ9.mHv_Epoz9tLoBg_tEHoJxcwfVEHCWkuhSXc_ip_7B-9pN5ihY8JwfNHiPe_mVJLYAoawGnzJHfktOoAzTxTlHNzJTJAqJt2Jg-W-z0bSKeTd5tWaD14TydrJ9XGU_gsZNHKwtx5v2K1IUoyKRQgvP39gIHtnxWbTrQyJJkCOKof3EPk4rDwhqe5qQ11SKuIPxRtS5HYEUSIShCR967_CXa3q69C5GlsxccYh_xUpCzc.z1xhUfdfeFUqXYUGld0DBxwzi4JkX8w5O2fOsHIT7l4%26dib_tag%3Dse%26keywords%3Dplaystation%2B5%26qid%3D1766839744%26sprefix%3Dplaystation%2B%252Caps%252C369%26sr%3D8-59-spons%26aref%3DZuqybrLVYN%26sp_csd%3Dd2lkZ2V0TmFtZT1zcF9tdGY%26psc%3D1&aref=ZuqybrLVYN&sp_cr=ZAZ
"Sage Controllers PRO+ Controller compatible with PS5 Console & PC | Custommade Wireless PS5 Gaming Controller with 4 Back Paddles, Clicky Triggers & Bumpers | Spider M Theme | Professional gaming controller (Pro+ with Hall Effect TMR)","14,000",5.0 out of 5 stars,https://www.amazon.in/sspa/click?ie=UTF8&spc=MTo2MjYyNjU5NjY0OTExNzI6MTc2NjgzOTc0NDpzcF9tdGY6MzAwODEwMzUzMDUxNTMyOjowOjo&url=%2FSage-Controllers-Pro-Hall-Effect%2Fdp%2FB0FVMCMDWR%2Fref%3Dsr_1_60_sspa%3Fcrid%3D302ZJMTZG1JP1%26dib%3DeyJ2IjoiMSJ9.mHv_Epoz9tLoBg_tEHoJxcwfVEHCWkuhSXc_ip_7B-9pN5ihY8JwfNHiPe_mVJLYAoawGnzJHfktOoAzTxTlHNzJTJAqJt2Jg-W-z0bSKeTd5tWaD14TydrJ9XGU_gsZNHKwtx5v2K1IUoyKRQgvP39gIHtnxWbTrQyJJkCOKof3EPk4rDwhqe5qQ11SKuIPxRtS5HYEUSIShCR967_CXa3q69C5GlsxccYh_xUpCzc.z1xhUfdfeFUqXYUGld0DBxwzi4JkX8w5O2fOsHIT7l4%26dib_tag%3Dse%26keywords%3Dplaystation%2B5%26qid%3D1766839744%26sprefix%3Dplaystation%2B%252Caps%252C369%26sr%3D8-60-spons%26aref%3DwbrKJRwOKb%26sp_csd%3Dd2lkZ2V0TmFtZT1zcF9tdGY%26psc%3D1&aref=wbrKJRwOKb&sp_cr=ZAZ
"NiTHO PS5 Controller Cover Case, Anti-Slip Soft Silicone Protective Skin for Playstation 5 Controller with Thumb Grip Caps, Joystick Protectors Kit Accessories for PS5 Wireless Controller - Camo",330,4.3 out of 5 stars,https://www.amazon.in/Nitho-Gaming-Camo-Customizing-Controller/dp/B08N6W2JVZ/ref=sr_1_61?crid=302ZJMTZG1JP1&dib=eyJ2IjoiMSJ9.mHv_Epoz9tLoBg_tEHoJxcwfVEHCWkuhSXc_ip_7B-9pN5ihY8JwfNHiPe_mVJLYAoawGnzJHfktOoAzTxTlHNzJTJAqJt2Jg-W-z0bSKeTd5tWaD14TydrJ9XGU_gsZNHKwtx5v2K1IUoyKRQgvP39gIHtnxWbTrQyJJkCOKof3EPk4rDwhqe5qQ11SKuIPxRtS5HYEUSIShCR967_CXa3q69C5GlsxccYh_xUpCzc.z1xhUfdfeFUqXYUGld0DBxwzi4JkX8w5O2fOsHIT7l4&dib_tag=se&keywords=playstation+5&qid=1766839744&sprefix=playstation+%2Caps%2C369&sr=8-61
"Playstation 5 DualSense Wireless Controller - God of War™ 20th Anniversary (Limited Edition), 1 Year Manufacturer Warranty","7,299",4.0 out of 5 stars,https://www.amazon.in/Playstation-DualSense-Wireless-Controller-Manufacturer/dp/B0FTGGH6W4/ref=sr_1_62?crid=302ZJMTZG1JP1&dib=eyJ2IjoiMSJ9.mHv_Epoz9tLoBg_tEHoJxcwfVEHCWkuhSXc_ip_7B-9pN5ihY8JwfNHiPe_mVJLYAoawGnzJHfktOoAzTxTlHNzJTJAqJt2Jg-W-z0bSKeTd5tWaD14TydrJ9XGU_gsZNHKwtx5v2K1IUoyKRQgvP39gIHtnxWbTrQyJJkCOKof3EPk4rDwhqe5qQ11SKuIPxRtS5HYEUSIShCR967_CXa3q69C5GlsxccYh_xUpCzc.z1xhUfdfeFUqXYUGld0DBxwzi4JkX8w5O2fOsHIT7l4&dib_tag=se&keywords=playstation+5&qid=1766839744&sprefix=playstation+%2Caps%2C369&sr=8-62
U&I Entertainment Minecraft | Standard Edition | PlayStation 5,"3,990",4.7 out of 5 stars,https://www.amazon.in/Entertainment-Minecraft-Standard-PlayStation/dp/B0DJ91SXXY/ref=sr_1_63?crid=302ZJMTZG1JP1&dib=eyJ2IjoiMSJ9.mHv_Epoz9tLoBg_tEHoJxcwfVEHCWkuhSXc_ip_7B-9pN5ihY8JwfNHiPe_mVJLYAoawGnzJHfktOoAzTxTlHNzJTJAqJt2Jg-W-z0bSKeTd5tWaD14TydrJ9XGU_gsZNHKwtx5v2K1IUoyKRQgvP39gIHtnxWbTrQyJJkCOKof3EPk4rDwhqe5qQ11SKuIPxRtS5HYEUSIShCR967_CXa3q69C5GlsxccYh_xUpCzc.z1xhUfdfeFUqXYUGld0DBxwzi4JkX8w5O2fOsHIT7l4&dib_tag=se&keywords=playstation+5&qid=1766839744&sprefix=playstation+%2Caps%2C369&sr=8-63
"NiTHO PS5/PS5 Slim/PS5 Pro Cooling Station Stand, Docking Station with Built-in 3 Level Fan, RGB LED Lights, PS5/Edge Controller Dual Charging Station, Accessories for PlayStation 5 Console","1,375",3.6 out of 5 stars,https://www.amazon.in/Cooling-Controller-Charging-Accessories-PlayStation/dp/B0FQJ7ZV7X/ref=sr_1_64?crid=302ZJMTZG1JP1&dib=eyJ2IjoiMSJ9.mHv_Epoz9tLoBg_tEHoJxcwfVEHCWkuhSXc_ip_7B-9pN5ihY8JwfNHiPe_mVJLYAoawGnzJHfktOoAzTxTlHNzJTJAqJt2Jg-W-z0bSKeTd5tWaD14TydrJ9XGU_gsZNHKwtx5v2K1IUoyKRQgvP39gIHtnxWbTrQyJJkCOKof3EPk4rDwhqe5qQ11SKuIPxRtS5HYEUSIShCR967_CXa3q69C5GlsxccYh_xUpCzc.z1xhUfdfeFUqXYUGld0DBxwzi4JkX8w5O2fOsHIT7l4&dib_tag=se&keywords=playstation+5&qid=1766839744&sprefix=playstation+%2Caps%2C369&sr=8-64
"OIVO INDIA Dust Plug for PS5,9Pcs Dust Plug Kit for PS5/PS5 Slim Console,PS5 Silicone Plugs Protector Antidust Cover Dustproof PlayStation 5 Disk/Digital Console Slim Game Accessories",279,3.9 out of 5 stars,https://www.amazon.in/OIVO-INDIA-Protector-PlayStation-Accessories/dp/B0FLD932F9/ref=sr_1_65?crid=302ZJMTZG1JP1&dib=eyJ2IjoiMSJ9.mHv_Epoz9tLoBg_tEHoJxcwfVEHCWkuhSXc_ip_7B-9pN5ihY8JwfNHiPe_mVJLYAoawGnzJHfktOoAzTxTlHNzJTJAqJt2Jg-W-z0bSKeTd5tWaD14TydrJ9XGU_gsZNHKwtx5v2K1IUoyKRQgvP39gIHtnxWbTrQyJJkCOKof3EPk4rDwhqe5qQ11SKuIPxRtS5HYEUSIShCR967_CXa3q69C5GlsxccYh_xUpCzc.z1xhUfdfeFUqXYUGld0DBxwzi4JkX8w5O2fOsHIT7l4&dib_tag=se&keywords=playstation+5&qid=1766839744&sprefix=playstation+%2Caps%2C369&sr=8-65
"New World RGB Horizontal Stand for PS5 Slim Console Accessories with 14 Light Mode and 4 USB Hubs, Side Stand for Playstation 5 Slim Disc & Digital, Base Holder with Fast Controller Charging","1,999",5.0 out of 5 stars,https://www.amazon.in/New-World-Horizontal-Accessories-Playstation/dp/B0D4HK8QLD/ref=sr_1_66?crid=302ZJMTZG1JP1&dib=eyJ2IjoiMSJ9.mHv_Epoz9tLoBg_tEHoJxcwfVEHCWkuhSXc_ip_7B-9pN5ihY8JwfNHiPe_mVJLYAoawGnzJHfktOoAzTxTlHNzJTJAqJt2Jg-W-z0bSKeTd5tWaD14TydrJ9XGU_gsZNHKwtx5v2K1IUoyKRQgvP39gIHtnxWbTrQyJJkCOKof3EPk4rDwhqe5qQ11SKuIPxRtS5HYEUSIShCR967_CXa3q69C5GlsxccYh_xUpCzc.z1xhUfdfeFUqXYUGld0DBxwzi4JkX8w5O2fOsHIT7l4&dib_tag=se&keywords=playstation+5&qid=1766839744&sprefix=playstation+%2Caps%2C369&sr=8-66
"Big Ant Studios Cricket 24, Standard Edition, Playstation 5","3,499",4.0 out of 5 stars,https://www.amazon.in/Big-Ant-Studios-Standard-Playstation/dp/B0C1N2YPX6/ref=sr_1_67?crid=302ZJMTZG1JP1&dib=eyJ2IjoiMSJ9.mHv_Epoz9tLoBg_tEHoJxcwfVEHCWkuhSXc_ip_7B-9pN5ihY8JwfNHiPe_mVJLYAoawGnzJHfktOoAzTxTlHNzJTJAqJt2Jg-W-z0bSKeTd5tWaD14TydrJ9XGU_gsZNHKwtx5v2K1IUoyKRQgvP39gIHtnxWbTrQyJJkCOKof3EPk4rDwhqe5qQ11SKuIPxRtS5HYEUSIShCR967_CXa3q69C5GlsxccYh_xUpCzc.z1xhUfdfeFUqXYUGld0DBxwzi4JkX8w5O2fOsHIT7l4&dib_tag=se&keywords=playstation+5&qid=1766839744&sprefix=playstation+%2Caps%2C369&sr=8-67
"ZORBES® 2PCS Horizontal Stand Compatible with PS5 Pro/PS5 Slim Console, Base Stand Accessories Desk Support Mount for PlayStation 5 Slim/Pro Disc & Digital Edition(Not for PlayStation 5 2020)",999,,https://www.amazon.in/ZORBES%C2%AE-Horizontal-Compatible-Accessories-PlayStation/dp/B0FQ5SXXTP/ref=sr_1_68?crid=302ZJMTZG1JP1&dib=eyJ2IjoiMSJ9.mHv_Epoz9tLoBg_tEHoJxcwfVEHCWkuhSXc_ip_7B-9pN5ihY8JwfNHiPe_mVJLYAoawGnzJHfktOoAzTxTlHNzJTJAqJt2Jg-W-z0bSKeTd5tWaD14TydrJ9XGU_gsZNHKwtx5v2K1IUoyKRQgvP39gIHtnxWbTrQyJJkCOKof3EPk4rDwhqe5qQ11SKuIPxRtS5HYEUSIShCR967_CXa3q69C5GlsxccYh_xUpCzc.z1xhUfdfeFUqXYUGld0DBxwzi4JkX8w5O2fOsHIT7l4&dib_tag=se&keywords=playstation+5&qid=1766839744&sprefix=playstation+%2Caps%2C369&sr=8-68
"GeekShare G.S.TAC Tactical PS5 Controller Skin Set, Anti-Slip Silicone Protective Cover Skin Case for PS5 Wireless Controller with 2 Thumb Grip Caps and 2 Stickers - for Black Myth: Wukong","1,520",4.5 out of 5 stars,https://www.amazon.in/sspa/click?ie=UTF8&spc=MTo2MjYyNjU5NjY0OTExNzI6MTc2NjgzOTc0NDpzcF9idGY6MzAwNzc4MTI5NTYwMDMyOjowOjo&url=%2FGeekShare-PS5-Controller-Anti-Slip-Protective%2Fdp%2FB0D5X8HXLK%2Fref%3Dsr_1_69_sspa%3Fcrid%3D302ZJMTZG1JP1%26dib%3DeyJ2IjoiMSJ9.mHv_Epoz9tLoBg_tEHoJxcwfVEHCWkuhSXc_ip_7B-9pN5ihY8JwfNHiPe_mVJLYAoawGnzJHfktOoAzTxTlHNzJTJAqJt2Jg-W-z0bSKeTd5tWaD14TydrJ9XGU_gsZNHKwtx5v2K1IUoyKRQgvP39gIHtnxWbTrQyJJkCOKof3EPk4rDwhqe5qQ11SKuIPxRtS5HYEUSIShCR967_CXa3q69C5GlsxccYh_xUpCzc.z1xhUfdfeFUqXYUGld0DBxwzi4JkX8w5O2fOsHIT7l4%26dib_tag%3Dse%26keywords%3Dplaystation%2B5%26qid%3D1766839744%26sprefix%3Dplaystation%2B%252Caps%252C369%26sr%3D8-69-spons%26aref%3DIfZb3NmQzB%26sp_csd%3Dd2lkZ2V0TmFtZT1zcF9idGY%26psc%3D1&aref=IfZb3NmQzB&sp_cr=ZAZ
Sage Controllers | Custom ps5 Controller with 4 Back Paddles | Monkey D Luffy Pro+ | One piece | PC PS5 Mobile,"10,999",5.0 out of 5 stars,https://www.amazon.in/sspa/click?ie=UTF8&spc=MTo2MjYyNjU5NjY0OTExNzI6MTc2NjgzOTc0NDpzcF9idGY6MzAwODEwMzUzMDUxMjMyOjowOjo&url=%2FSage-Controller-Custom-Dualsense-Paddles%2Fdp%2FB09XJGRTTG%2Fref%3Dsr_1_70_sspa%3Fcrid%3D302ZJMTZG1JP1%26dib%3DeyJ2IjoiMSJ9.mHv_Epoz9tLoBg_tEHoJxcwfVEHCWkuhSXc_ip_7B-9pN5ihY8JwfNHiPe_mVJLYAoawGnzJHfktOoAzTxTlHNzJTJAqJt2Jg-W-z0bSKeTd5tWaD14TydrJ9XGU_gsZNHKwtx5v2K1IUoyKRQgvP39gIHtnxWbTrQyJJkCOKof3EPk4rDwhqe5qQ11SKuIPxRtS5HYEUSIShCR967_CXa3q69C5GlsxccYh_xUpCzc.z1xhUfdfeFUqXYUGld0DBxwzi4JkX8w5O2fOsHIT7l4%26dib_tag%3Dse%26keywords%3Dplaystation%2B5%26qid%3D1766839744%26sprefix%3Dplaystation%2B%252Caps%252C369%26sr%3D8-70-spons%26aref%3DTBqGHLoJI5%26sp_csd%3Dd2lkZ2V0TmFtZT1zcF9idGY%26psc%3D1&aref=TBqGHLoJI5&sp_cr=ZAZ
"Sage Controllers PRO+ Controller compatible with PS5 Console & PC | Custommade Wireless PS5 Gaming Controller with 4 Back Paddles, Clicky Triggers & Bumpers | Glow in the dark - SpiderMn theme | Professional gaming controller (Pro+ with Hall Effect TMR)","14,500",,https://www.amazon.in/sspa/click?ie=UTF8&spc=MTo3ODEzOTA5MTE0MDM0ODczOjE3NjY4Mzk3NDc6c3BfYXRmX25leHQ6MzAwODEwMzUzMDUxNjMyOjowOjo&url=%2FSage-Controllers-Controller-compatible-Custommade%2Fdp%2FB0FVMC2ZJH%2Fref%3Dsr_1_65_sspa%3Fcrid%3D302ZJMTZG1JP1%26dib%3DeyJ2IjoiMSJ9.HlY1HZ5xrN2yT68tmZWjvu0Cwza1aM5NNpsVpEKFQlD4a8U3JTyfpJE6FGbEGzYY1TVT4rge8b2IXSxOlXFYCzVUVAwcD2xrDkv3HM-9d0HTBdwfacCkoWFg0kQkvdJgDPvLISMikWTZkDXLYSMraCYE_eyGjM6vjJnzkohFoJ04FXpauyh87u49-2NRcjDXuiEcXBDzr5nO7weifUjJYVNw4PUM-MPvJz1QFC0RQ3w.aB2QYzA36e7tgV0RF-lL3lhtllfkE84YC7Bu-1M--QA%26dib_tag%3Dse%26keywords%3Dplaystation%2B5%26qid%3D1766839746%26sprefix%3Dplaystation%2B%252Caps%252C369%26sr%3D8-65-spons%26aref%3Dnhs1LjHO3E%26sp_csd%3Dd2lkZ2V0TmFtZT1zcF9hdGZfbmV4dA%26psc%3D1&aref=nhs1LjHO3E&sp_cr=ZAZ
"Sage Controllers PRO+ Controller compatible with PS5 Console & PC | Custommade Wireless PS5 Gaming Controller with 4 Back Paddles, Clicky Triggers & Bumpers | Monkey d Luffy | Professional gaming controller","11,700",5.0 out of 5 stars,https://www.amazon.in/sspa/click?ie=UTF8&spc=MTo3ODEzOTA5MTE0MDM0ODczOjE3NjY4Mzk3NDc6c3BfYXRmX25leHQ6MzAwODEwMzUzMDUxMTMyOjowOjo&url=%2FSage-Controllers-Controller-compatible-Professional%2Fdp%2FB09XJDF19K%2Fref%3Dsr_1_66_sspa%3Fcrid%3D302ZJMTZG1JP1%26dib%3DeyJ2IjoiMSJ9.HlY1HZ5xrN2yT68tmZWjvu0Cwza1aM5NNpsVpEKFQlD4a8U3JTyfpJE6FGbEGzYY1TVT4rge8b2IXSxOlXFYCzVUVAwcD2xrDkv3HM-9d0HTBdwfacCkoWFg0kQkvdJgDPvLISMikWTZkDXLYSMraCYE_eyGjM6vjJnzkohFoJ04FXpauyh87u49-2NRcjDXuiEcXBDzr5nO7weifUjJYVNw4PUM-MPvJz1QFC0RQ3w.aB2QYzA36e7tgV0RF-lL3lhtllfkE84YC7Bu-1M--QA%26dib_tag%3Dse%26keywords%3Dplaystation%2B5%26qid%3D1766839746%26sprefix%3Dplaystation%2B%252Caps%252C369%26sr%3D8-66-spons%26aref%3DTZNp6TCQ71%26sp_csd%3Dd2lkZ2V0TmFtZT1zcF9hdGZfbmV4dA%26psc%3D1&aref=TZNp6TCQ71&sp_cr=ZAZ
1-Year Extended Warranty for PlayStation Gaming Console (Range INR 1 - INR 40000) Email Delivery,"4,845",3.9 out of 5 stars,https://www.amazon.in/GoWarranty-Extended-Warranty-Playstation-Console/dp/B08RDV9F71/ref=sr_1_67?crid=302ZJMTZG1JP1&dib=eyJ2IjoiMSJ9.HlY1HZ5xrN2yT68tmZWjvu0Cwza1aM5NNpsVpEKFQlD4a8U3JTyfpJE6FGbEGzYY1TVT4rge8b2IXSxOlXFYCzVUVAwcD2xrDkv3HM-9d0HTBdwfacCkoWFg0kQkvdJgDPvLISMikWTZkDXLYSMraCYE_eyGjM6vjJnzkohFoJ04FXpauyh87u49-2NRcjDXuiEcXBDzr5nO7weifUjJYVNw4PUM-MPvJz1QFC0RQ3w.aB2QYzA36e7tgV0RF-lL3lhtllfkE84YC7Bu-1M--QA&dib_tag=se&keywords=playstation+5&qid=1766839746&sprefix=playstation+%2Caps%2C369&sr=8-67
"ZORBES® Dust Cover for Sony PS5 Slim Console, Oxford Cloth Dust Proof Cover for Sony PlayStation 5 Slim Game Console Cover Sleeve for PS5 Accessories Digital Edition & Disc Edition (Black)",414,4.1 out of 5 stars,https://www.amazon.in/ZORBES%C2%AE-Console-Playstation-Accessories-Digital/dp/B0D1CJYYV3/ref=sr_1_68?crid=302ZJMTZG1JP1&dib=eyJ2IjoiMSJ9.HlY1HZ5xrN2yT68tmZWjvu0Cwza1aM5NNpsVpEKFQlD4a8U3JTyfpJE6FGbEGzYY1TVT4rge8b2IXSxOlXFYCzVUVAwcD2xrDkv3HM-9d0HTBdwfacCkoWFg0kQkvdJgDPvLISMikWTZkDXLYSMraCYE_eyGjM6vjJnzkohFoJ04FXpauyh87u49-2NRcjDXuiEcXBDzr5nO7weifUjJYVNw4PUM-MPvJz1QFC0RQ3w.aB2QYzA36e7tgV0RF-lL3lhtllfkE84YC7Bu-1M--QA&dib_tag=se&keywords=playstation+5&qid=1766839746&sprefix=playstation+%2Caps%2C369&sr=8-68
Sony Ghost of Tsushima | Director's Cut | PS5 Game,"2,499",4.7 out of 5 stars,https://www.amazon.in/Sony-PS5-Ghost-Tsushima-Directors/dp/B099B95X36/ref=sr_1_69?crid=302ZJMTZG1JP1&dib=eyJ2IjoiMSJ9.HlY1HZ5xrN2yT68tmZWjvu0Cwza1aM5NNpsVpEKFQlD4a8U3JTyfpJE6FGbEGzYY1TVT4rge8b2IXSxOlXFYCzVUVAwcD2xrDkv3HM-9d0HTBdwfacCkoWFg0kQkvdJgDPvLISMikWTZkDXLYSMraCYE_eyGjM6vjJnzkohFoJ04FXpauyh87u49-2NRcjDXuiEcXBDzr5nO7weifUjJYVNw4PUM-MPvJz1QFC0RQ3w.aB2QYzA36e7tgV0RF-lL3lhtllfkE84YC7Bu-1M--QA&dib_tag=se&keywords=playstation+5&qid=1766839746&sprefix=playstation+%2Caps%2C369&sr=8-69
NiTHO PS5 FPS Gaming Kit for PlayStation 5 Dual Sense Controller Customizing Kit with Thumb Grips Ergonomic Button Trigger Precise Aiming Kit,378,3.4 out of 5 stars,https://www.amazon.in/PlayStation-Controller-Customizing-Ergonomic-Trigger/dp/B08N6S3SSC/ref=sr_1_70?crid=302ZJMTZG1JP1&dib=eyJ2IjoiMSJ9.HlY1HZ5xrN2yT68tmZWjvu0Cwza1aM5NNpsVpEKFQlD4a8U3JTyfpJE6FGbEGzYY1TVT4rge8b2IXSxOlXFYCzVUVAwcD2xrDkv3HM-9d0HTBdwfacCkoWFg0kQkvdJgDPvLISMikWTZkDXLYSMraCYE_eyGjM6vjJnzkohFoJ04FXpauyh87u49-2NRcjDXuiEcXBDzr5nO7weifUjJYVNw4PUM-MPvJz1QFC0RQ3w.aB2QYzA36e7tgV0RF-lL3lhtllfkE84YC7Bu-1M--QA&dib_tag=se&keywords=playstation+5&qid=1766839746&sprefix=playstation+%2Caps%2C369&sr=8-70
"Meyaar Anti-Slip PS5 Controller Skin, PS5 Controller Accessories, Non-Slip Silicone PS5 5 Controller Cover Case with Thumb Grip Caps, Touch Pad Sticker and Cover Wrap Stickers (Pack of 2)",749,4.3 out of 5 stars,https://www.amazon.in/Meyaar-Anti-Slip-Controller-Accessories-Non-Slip/dp/B0F9VLQ7B9/ref=sr_1_71?crid=302ZJMTZG1JP1&dib=eyJ2IjoiMSJ9.HlY1HZ5xrN2yT68tmZWjvu0Cwza1aM5NNpsVpEKFQlD4a8U3JTyfpJE6FGbEGzYY1TVT4rge8b2IXSxOlXFYCzVUVAwcD2xrDkv3HM-9d0HTBdwfacCkoWFg0kQkvdJgDPvLISMikWTZkDXLYSMraCYE_eyGjM6vjJnzkohFoJ04FXpauyh87u49-2NRcjDXuiEcXBDzr5nO7weifUjJYVNw4PUM-MPvJz1QFC0RQ3w.aB2QYzA36e7tgV0RF-lL3lhtllfkE84YC7Bu-1M--QA&dib_tag=se&keywords=playstation+5&qid=1766839746&sprefix=playstation+%2Caps%2C369&sr=8-71
"Faceplate for Playstation 5 Slim Disc Edition with with Cooling Vents, PS 5 Slim ABS Anti-Scratch Dustproof Protective Shell Cover, Replacement Face Plate for New PS5 Disk Edition","2,169",3.7 out of 5 stars,https://www.amazon.in/Faceplate-Playstation-Anti-Scratch-Protective-Replacement/dp/B0CT39HR3K/ref=sr_1_72?crid=302ZJMTZG1JP1&dib=eyJ2IjoiMSJ9.HlY1HZ5xrN2yT68tmZWjvu0Cwza1aM5NNpsVpEKFQlD4a8U3JTyfpJE6FGbEGzYY1TVT4rge8b2IXSxOlXFYCzVUVAwcD2xrDkv3HM-9d0HTBdwfacCkoWFg0kQkvdJgDPvLISMikWTZkDXLYSMraCYE_eyGjM6vjJnzkohFoJ04FXpauyh87u49-2NRcjDXuiEcXBDzr5nO7weifUjJYVNw4PUM-MPvJz1QFC0RQ3w.aB2QYzA36e7tgV0RF-lL3lhtllfkE84YC7Bu-1M--QA&dib_tag=se&keywords=playstation+5&qid=1766839746&sprefix=playstation+%2Caps%2C369&sr=8-72
Sony Ps5 Spiderman 2 Standard Edn.,"3,899",4.0 out of 5 stars,https://www.amazon.in/PS5-Spiderman-2-Standard-Edn/dp/B0C7VLXMT4/ref=sr_1_73?crid=302ZJMTZG1JP1&dib=eyJ2IjoiMSJ9.HlY1HZ5xrN2yT68tmZWjvu0Cwza1aM5NNpsVpEKFQlD4a8U3JTyfpJE6FGbEGzYY1TVT4rge8b2IXSxOlXFYCzVUVAwcD2xrDkv3HM-9d0HTBdwfacCkoWFg0kQkvdJgDPvLISMikWTZkDXLYSMraCYE_eyGjM6vjJnzkohFoJ04FXpauyh87u49-2NRcjDXuiEcXBDzr5nO7weifUjJYVNw4PUM-MPvJz1QFC0RQ3w.aB2QYzA36e7tgV0RF-lL3lhtllfkE84YC7Bu-1M--QA&dib_tag=se&keywords=playstation+5&qid=1766839746&sprefix=playstation+%2Caps%2C369&sr=8-73
"WD_Black SN850P NVMe SSD for PS5 4TB, PCIe Gen 4, Upto 7300MB/s Read, Certified by Sony","55,499",4.8 out of 5 stars,https://www.amazon.in/WD_Black-SN850P-NVMe-7300MB-Certified/dp/B0C48HN4Z9/ref=sr_1_74?crid=302ZJMTZG1JP1&dib=eyJ2IjoiMSJ9.HlY1HZ5xrN2yT68tmZWjvu0Cwza1aM5NNpsVpEKFQlD4a8U3JTyfpJE6FGbEGzYY1TVT4rge8b2IXSxOlXFYCzVUVAwcD2xrDkv3HM-9d0HTBdwfacCkoWFg0kQkvdJgDPvLISMikWTZkDXLYSMraCYE_eyGjM6vjJnzkohFoJ04FXpauyh87u49-2NRcjDXuiEcXBDzr5nO7weifUjJYVNw4PUM-MPvJz1QFC0RQ3w.aB2QYzA36e7tgV0RF-lL3lhtllfkE84YC7Bu-1M--QA&dib_tag=se&keywords=playstation+5&qid=1766839746&sprefix=playstation+%2Caps%2C369&sr=8-74
"PSS Storage Bag for PS5 Slim, Hard Travel Carrying Case Compatible for PS5 Slim, Waterproof Shoulder Bag with Both Side Compartments Travel Accessories for PS5 Slim Disk/ Digital, (Black)","1,849",4.2 out of 5 stars,https://www.amazon.in/sspa/click?ie=UTF8&spc=MTo3ODEzOTA5MTE0MDM0ODczOjE3NjY4Mzk3NDc6c3BfbXRmOjMwMDYxMTc5NDEwNzAzMjo6MDo6&url=%2FPSS-Carrying-Waterproof-Compartments-Accessories%2Fdp%2FB0DNXGHTKQ%2Fref%3Dsr_1_75_sspa%3Fcrid%3D302ZJMTZG1JP1%26dib%3DeyJ2IjoiMSJ9.HlY1HZ5xrN2yT68tmZWjvu0Cwza1aM5NNpsVpEKFQlD4a8U3JTyfpJE6FGbEGzYY1TVT4rge8b2IXSxOlXFYCzVUVAwcD2xrDkv3HM-9d0HTBdwfacCkoWFg0kQkvdJgDPvLISMikWTZkDXLYSMraCYE_eyGjM6vjJnzkohFoJ04FXpauyh87u49-2NRcjDXuiEcXBDzr5nO7weifUjJYVNw4PUM-MPvJz1QFC0RQ3w.aB2QYzA36e7tgV0RF-lL3lhtllfkE84YC7Bu-1M--QA%26dib_tag%3Dse%26keywords%3Dplaystation%2B5%26qid%3D1766839746%26sprefix%3Dplaystation%2B%252Caps%252C369%26sr%3D8-75-spons%26aref%3DZuqybrLVYN%26sp_csd%3Dd2lkZ2V0TmFtZT1zcF9tdGY%26psc%3D1&aref=ZuqybrLVYN&sp_cr=ZAZ
"Sage Controllers PRO+ Controller compatible with PS5 Console & PC | Custommade Wireless PS5 Gaming Controller with 4 Back Paddles, Clicky Triggers & Bumpers | Spider M Theme | Professional gaming controller (Pro+ with Hall Effect TMR)","14,000",5.0 out of 5 stars,https://www.amazon.in/sspa/click?ie=UTF8&spc=MTo3ODEzOTA5MTE0MDM0ODczOjE3NjY4Mzk3NDc6c3BfbXRmOjMwMDgxMDM1MzA1MTUzMjo6MDo6&url=%2FSage-Controllers-Pro-Hall-Effect%2Fdp%2FB0FVMCMDWR%2Fref%3Dsr_1_76_sspa%3Fcrid%3D302ZJMTZG1JP1%26dib%3DeyJ2IjoiMSJ9.HlY1HZ5xrN2yT68tmZWjvu0Cwza1aM5NNpsVpEKFQlD4a8U3JTyfpJE6FGbEGzYY1TVT4rge8b2IXSxOlXFYCzVUVAwcD2xrDkv3HM-9d0HTBdwfacCkoWFg0kQkvdJgDPvLISMikWTZkDXLYSMraCYE_eyGjM6vjJnzkohFoJ04FXpauyh87u49-2NRcjDXuiEcXBDzr5nO7weifUjJYVNw4PUM-MPvJz1QFC0RQ3w.aB2QYzA36e7tgV0RF-lL3lhtllfkE84YC7Bu-1M--QA%26dib_tag%3Dse%26keywords%3Dplaystation%2B5%26qid%3D1766839746%26sprefix%3Dplaystation%2B%252Caps%252C369%26sr%3D8-76-spons%26aref%3DwbrKJRwOKb%26sp_csd%3Dd2lkZ2V0TmFtZT1zcF9tdGY%26psc%3D1&aref=wbrKJRwOKb&sp_cr=ZAZ
"PS5 Accessory Kit 8-in-1 Game Kit Accessories for Playstation 5 PS5 Console and Controller Include headphone, Thumb grips , Controller Skin,Controller Charging Cable","1,456",4.3 out of 5 stars,https://www.amazon.in/Accessory-Accessories-Playstation-Controller-headphone/dp/B09B39D69P/ref=sr_1_77?crid=302ZJMTZG1JP1&dib=eyJ2IjoiMSJ9.HlY1HZ5xrN2yT68tmZWjvu0Cwza1aM5NNpsVpEKFQlD4a8U3JTyfpJE6FGbEGzYY1TVT4rge8b2IXSxOlXFYCzVUVAwcD2xrDkv3HM-9d0HTBdwfacCkoWFg0kQkvdJgDPvLISMikWTZkDXLYSMraCYE_eyGjM6vjJnzkohFoJ04FXpauyh87u49-2NRcjDXuiEcXBDzr5nO7weifUjJYVNw4PUM-MPvJz1QFC0RQ3w.aB2QYzA36e7tgV0RF-lL3lhtllfkE84YC7Bu-1M--QA&dib_tag=se&keywords=playstation+5&qid=1766839746&sprefix=playstation+%2Caps%2C369&sr=8-77
"Transcend 245S 4TB Gen4 x4 NVMe PCIe M.2 2280 Internal Solid-State Drive/SSD, (Read - Up to 5,300 MB/s) Compatible with PC, Desktop, Laptop and Play Station 5, TS4TMTE245S, 5 Y Warranty","37,799",4.2 out of 5 stars,https://www.amazon.in/Transcend-245S-Internal-Solid-State-Drive/dp/B092W8C1CH/ref=sr_1_78?crid=302ZJMTZG1JP1&dib=eyJ2IjoiMSJ9.HlY1HZ5xrN2yT68tmZWjvu0Cwza1aM5NNpsVpEKFQlD4a8U3JTyfpJE6FGbEGzYY1TVT4rge8b2IXSxOlXFYCzVUVAwcD2xrDkv3HM-9d0HTBdwfacCkoWFg0kQkvdJgDPvLISMikWTZkDXLYSMraCYE_eyGjM6vjJnzkohFoJ04FXpauyh87u49-2NRcjDXuiEcXBDzr5nO7weifUjJYVNw4PUM-MPvJz1QFC0RQ3w.aB2QYzA36e7tgV0RF-lL3lhtllfkE84YC7Bu-1M--QA&dib_tag=se&keywords=playstation+5&qid=1766839746&sprefix=playstation+%2Caps%2C369&sr=8-78
"New World For PS5 Controller Charger Station, Fast Charging Dock for PlayStation 5 Controllers, Single Controller Charging Stand Replacement for PS5 Controller & Dual-Sense Edge Controller",499,3.6 out of 5 stars,https://www.amazon.in/New-World-PlayStation-Controllers-Replacement/dp/B0DXW23ZZQ/ref=sr_1_79?crid=302ZJMTZG1JP1&dib=eyJ2IjoiMSJ9.HlY1HZ5xrN2yT68tmZWjvu0Cwza1aM5NNpsVpEKFQlD4a8U3JTyfpJE6FGbEGzYY1TVT4rge8b2IXSxOlXFYCzVUVAwcD2xrDkv3HM-9d0HTBdwfacCkoWFg0kQkvdJgDPvLISMikWTZkDXLYSMraCYE_eyGjM6vjJnzkohFoJ04FXpauyh87u49-2NRcjDXuiEcXBDzr5nO7weifUjJYVNw4PUM-MPvJz1QFC0RQ3w.aB2QYzA36e7tgV0RF-lL3lhtllfkE84YC7Bu-1M--QA&dib_tag=se&keywords=playstation+5&qid=1766839746&sprefix=playstation+%2Caps%2C369&sr=8-79
"PS5 Slim Wall Mount Stand – PS5 Stand Wall Mount for PlayStation 5 (Disc & Digital) – Heavy-Duty, Vertical & Space-Saving PS5 Slim Holder – Black","1,389",4.5 out of 5 stars,https://www.amazon.in/SHUCHI-ESSENTIALS-Slim-Mount-Stand/dp/B0F143FT2X/ref=sr_1_80?crid=302ZJMTZG1JP1&dib=eyJ2IjoiMSJ9.HlY1HZ5xrN2yT68tmZWjvu0Cwza1aM5NNpsVpEKFQlD4a8U3JTyfpJE6FGbEGzYY1TVT4rge8b2IXSxOlXFYCzVUVAwcD2xrDkv3HM-9d0HTBdwfacCkoWFg0kQkvdJgDPvLISMikWTZkDXLYSMraCYE_eyGjM6vjJnzkohFoJ04FXpauyh87u49-2NRcjDXuiEcXBDzr5nO7weifUjJYVNw4PUM-MPvJz1QFC0RQ3w.aB2QYzA36e7tgV0RF-lL3lhtllfkE84YC7Bu-1M--QA&dib_tag=se&keywords=playstation+5&qid=1766839746&sprefix=playstation+%2Caps%2C369&sr=8-80
New World Wall Mount Kit for PS5 Slim/PS5 Fat Console-Dual Charging Station Compatible with PlayStation 5 Accessories (Disc & Digital)-15 RGB Light-3 USB HUB-Headset Holder,"1,299",4.0 out of 5 stars,https://www.amazon.in/New-World-Console-Dual-Playstation-Accessories/dp/B0CYPXJ2CZ/ref=sr_1_81?crid=302ZJMTZG1JP1&dib=eyJ2IjoiMSJ9.HlY1HZ5xrN2yT68tmZWjvu0Cwza1aM5NNpsVpEKFQlD4a8U3JTyfpJE6FGbEGzYY1TVT4rge8b2IXSxOlXFYCzVUVAwcD2xrDkv3HM-9d0HTBdwfacCkoWFg0kQkvdJgDPvLISMikWTZkDXLYSMraCYE_eyGjM6vjJnzkohFoJ04FXpauyh87u49-2NRcjDXuiEcXBDzr5nO7weifUjJYVNw4PUM-MPvJz1QFC0RQ3w.aB2QYzA36e7tgV0RF-lL3lhtllfkE84YC7Bu-1M--QA&dib_tag=se&keywords=playstation+5&qid=1766839746&sprefix=playstation+%2Caps%2C369&sr=8-81
"ZORBES Dust Cover For Sony PS5 Console,Oxford Cloth Dustproof Cover Antiscratch Waterproof Protective Case For Sony Playstation 5 Game Console Sleeve For PS5 Accessories Digital Edition & Disc Edition",860,4.0 out of 5 stars,https://www.amazon.in/AntiScratch-Waterproof-Protective-Playstation-Accessories/dp/B0CXHXG77T/ref=sr_1_82?crid=302ZJMTZG1JP1&dib=eyJ2IjoiMSJ9.HlY1HZ5xrN2yT68tmZWjvu0Cwza1aM5NNpsVpEKFQlD4a8U3JTyfpJE6FGbEGzYY1TVT4rge8b2IXSxOlXFYCzVUVAwcD2xrDkv3HM-9d0HTBdwfacCkoWFg0kQkvdJgDPvLISMikWTZkDXLYSMraCYE_eyGjM6vjJnzkohFoJ04FXpauyh87u49-2NRcjDXuiEcXBDzr5nO7weifUjJYVNw4PUM-MPvJz1QFC0RQ3w.aB2QYzA36e7tgV0RF-lL3lhtllfkE84YC7Bu-1M--QA&dib_tag=se&keywords=playstation+5&qid=1766839746&sprefix=playstation+%2Caps%2C369&sr=8-82
"yantralay 6 in 1 Hard Carrying Case with Protective Cover for Play Station 5 Portal, Non Slip Soft Case Cover , Screen Protectors & Thumb Grips for PS5 Portal Console.","2,070",4.6 out of 5 stars,https://www.amazon.in/yantralay-Carrying-Protective-Protectors-Console/dp/B0DF2Z2X1Q/ref=sr_1_83?crid=302ZJMTZG1JP1&dib=eyJ2IjoiMSJ9.HlY1HZ5xrN2yT68tmZWjvu0Cwza1aM5NNpsVpEKFQlD4a8U3JTyfpJE6FGbEGzYY1TVT4rge8b2IXSxOlXFYCzVUVAwcD2xrDkv3HM-9d0HTBdwfacCkoWFg0kQkvdJgDPvLISMikWTZkDXLYSMraCYE_eyGjM6vjJnzkohFoJ04FXpauyh87u49-2NRcjDXuiEcXBDzr5nO7weifUjJYVNw4PUM-MPvJz1QFC0RQ3w.aB2QYzA36e7tgV0RF-lL3lhtllfkE84YC7Bu-1M--QA&dib_tag=se&keywords=playstation+5&qid=1766839746&sprefix=playstation+%2Caps%2C369&sr=8-83
"PowerA Ultra High Speed HDMI Cable 2.1 For Playstation 5, Ps5, Compatible With Dualsense Controllers, 4K 120 Hz, 8K 60 Hz, 3 Metres (Officially Licensed), Black, 3M","1,999",4.6 out of 5 stars,https://www.amazon.in/PowerA-Ultra-HDMI-PlayStation-PS5/dp/B09F6WF4JD/ref=sr_1_84?crid=302ZJMTZG1JP1&dib=eyJ2IjoiMSJ9.HlY1HZ5xrN2yT68tmZWjvu0Cwza1aM5NNpsVpEKFQlD4a8U3JTyfpJE6FGbEGzYY1TVT4rge8b2IXSxOlXFYCzVUVAwcD2xrDkv3HM-9d0HTBdwfacCkoWFg0kQkvdJgDPvLISMikWTZkDXLYSMraCYE_eyGjM6vjJnzkohFoJ04FXpauyh87u49-2NRcjDXuiEcXBDzr5nO7weifUjJYVNw4PUM-MPvJz1QFC0RQ3w.aB2QYzA36e7tgV0RF-lL3lhtllfkE84YC7Bu-1M--QA&dib_tag=se&keywords=playstation+5&qid=1766839746&sprefix=playstation+%2Caps%2C369&sr=8-84
"GeekShare G.S.TAC Tactical PS5 Controller Skin Set, Anti-Slip Silicone Protective Cover Skin Case for PS5 Wireless Controller with 2 Thumb Grip Caps and 2 Stickers - for Black Myth: Wukong","1,520",4.5 out of 5 stars,https://www.amazon.in/sspa/click?ie=UTF8&spc=MTo3ODEzOTA5MTE0MDM0ODczOjE3NjY4Mzk3NDc6c3BfYnRmOjMwMDc3ODEyOTU2MDAzMjo6MDo6&url=%2FGeekShare-PS5-Controller-Anti-Slip-Protective%2Fdp%2FB0D5X8HXLK%2Fref%3Dsr_1_85_sspa%3Fcrid%3D302ZJMTZG1JP1%26dib%3DeyJ2IjoiMSJ9.HlY1HZ5xrN2yT68tmZWjvu0Cwza1aM5NNpsVpEKFQlD4a8U3JTyfpJE6FGbEGzYY1TVT4rge8b2IXSxOlXFYCzVUVAwcD2xrDkv3HM-9d0HTBdwfacCkoWFg0kQkvdJgDPvLISMikWTZkDXLYSMraCYE_eyGjM6vjJnzkohFoJ04FXpauyh87u49-2NRcjDXuiEcXBDzr5nO7weifUjJYVNw4PUM-MPvJz1QFC0RQ3w.aB2QYzA36e7tgV0RF-lL3lhtllfkE84YC7Bu-1M--QA%26dib_tag%3Dse%26keywords%3Dplaystation%2B5%26qid%3D1766839746%26sprefix%3Dplaystation%2B%252Caps%252C369%26sr%3D8-85-spons%26aref%3DIfZb3NmQzB%26sp_csd%3Dd2lkZ2V0TmFtZT1zcF9idGY%26psc%3D1&aref=IfZb3NmQzB&sp_cr=ZAZ
Sage Controllers | Custom ps5 Controller with 4 Back Paddles | Monkey D Luffy Pro+ | One piece | PC PS5 Mobile,"10,999",5.0 out of 5 stars,https://www.amazon.in/sspa/click?ie=UTF8&spc=MTo3ODEzOTA5MTE0MDM0ODczOjE3NjY4Mzk3NDc6c3BfYnRmOjMwMDgxMDM1MzA1MTIzMjo6MDo6&url=%2FSage-Controller-Custom-Dualsense-Paddles%2Fdp%2FB09XJGRTTG%2Fref%3Dsr_1_86_sspa%3Fcrid%3D302ZJMTZG1JP1%26dib%3DeyJ2IjoiMSJ9.HlY1HZ5xrN2yT68tmZWjvu0Cwza1aM5NNpsVpEKFQlD4a8U3JTyfpJE6FGbEGzYY1TVT4rge8b2IXSxOlXFYCzVUVAwcD2xrDkv3HM-9d0HTBdwfacCkoWFg0kQkvdJgDPvLISMikWTZkDXLYSMraCYE_eyGjM6vjJnzkohFoJ04FXpauyh87u49-2NRcjDXuiEcXBDzr5nO7weifUjJYVNw4PUM-MPvJz1QFC0RQ3w.aB2QYzA36e7tgV0RF-lL3lhtllfkE84YC7Bu-1M--QA%26dib_tag%3Dse%26keywords%3Dplaystation%2B5%26qid%3D1766839746%26sprefix%3Dplaystation%2B%252Caps%252C369%26sr%3D8-86-spons%26aref%3DTBqGHLoJI5%26sp_csd%3Dd2lkZ2V0TmFtZT1zcF9idGY%26psc%3D1&aref=TBqGHLoJI5&sp_cr=ZAZ
